Image,Quality,Position (a),Qt val,PSNR,SSIM,FSI,Count Modified
airplane,50,2,11.0,47.06150464142357,0.9943573902608782,217.0,2575
airplane,50,3,12.0,45.910205986913475,0.9924391941464743,282.0,2823
airplane,50,4,14.0,46.18220376927784,0.9930981396473328,220.0,1992
airplane,50,5,12.0,47.41959868212369,0.9950032230824675,256.0,1978
airplane,50,6,10.0,48.90781714282206,0.996379008221146,276.0,1936
airplane,50,7,16.0,47.082289383863625,0.9961625368658347,153.0,1233
airplane,50,8,14.0,47.575818535602835,0.9961364023504685,226.0,1434
airplane,50,9,13.0,47.64856431222405,0.9955749439138968,325.0,1629
airplane,50,10,14.0,47.29070266692668,0.9955296021646096,244.0,1522
airplane,50,11,18.0,47.14350468695152,0.9966268118904784,145.0,981
airplane,50,12,17.0,47.13598822478989,0.9963711098209407,237.0,1096
airplane,50,13,16.0,47.26921118925083,0.9964184655841442,258.0,1180
airplane,50,14,19.0,46.78389186968977,0.996315582549124,167.0,957
airplane,50,15,24.0,46.279650212983505,0.9968571458207544,116.0,697
airplane,50,16,40.0,46.70643001037885,0.9977787725670165,43.0,226
airplane,50,17,26.0,46.84495660012662,0.997453008621738,167.0,510
airplane,50,18,24.0,46.175291566061986,0.9965937511025598,235.0,700
airplane,50,19,22.0,47.26321041424633,0.9973643398527994,203.0,652
airplane,50,20,22.0,47.66445704685413,0.9977491629267615,179.0,590
airplane,50,21,24.0,47.24641978573153,0.9973446763286993,190.0,546
airplane,50,22,49.0,47.830685436179934,0.9978543498913331,28.0,117
airplane,50,23,36.0,50.04767864334618,0.9992067140659203,69.0,129
airplane,50,24,37.0,47.99957441021303,0.9986822653460452,115.0,196
airplane,50,25,29.0,47.30715859798633,0.9980354637722884,199.0,373
airplane,50,26,40.0,47.467939137351294,0.9985492771085276,105.0,190
airplane,50,27,58.0,50.69794266627203,0.9994466596890926,47.0,43
airplane,50,28,51.0,48.679537845314314,0.9981765578434131,112.0,88
airplane,50,29,61.0,49.88676548318115,0.9990970847931967,13.0,47
airplane,50,30,60.0,56.36002828188121,0.9998254094980467,35.0,11
airplane,50,31,57.0,53.94865884349392,0.9998079807611404,35.0,21
airplane,50,32,51.0,51.32637558990683,0.9995446208203036,60.0,48
airplane,50,33,56.0,53.19759845889876,0.9997390848848082,37.0,26
airplane,50,34,55.0,55.71656569541217,0.999878094981792,27.0,15
airplane,50,35,64.0,63.16537181168371,0.9999806687020747,22.0,2
airplane,50,36,72.0,56.67285686868294,0.9998951458274932,20.0,7
airplane,50,37,92.0,inf,1.0,18.0,0
airplane,50,38,78.0,64.50152139977773,0.9999707597516108,27.0,1
airplane,50,39,64.0,61.45118083849202,0.9999744172828404,19.0,3
airplane,50,40,68.0,65.60169728607077,0.9999778431911678,28.0,1
airplane,50,41,87.0,inf,1.0,18.0,0
airplane,50,42,69.0,inf,1.0,18.0,0
airplane,50,43,55.0,62.74396224976405,0.9999732353687204,38.0,3
airplane,50,44,56.0,inf,1.0,18.0,0
airplane,50,45,80.0,inf,1.0,18.0,0
airplane,50,46,109.0,inf,1.0,18.0,0
airplane,50,47,81.0,inf,1.0,18.0,0
airplane,50,48,87.0,inf,1.0,18.0,0
airplane,50,49,95.0,inf,1.0,18.0,0
airplane,50,50,98.0,inf,1.0,18.0,0
airplane,50,51,103.0,inf,1.0,18.0,0
airplane,50,52,104.0,inf,1.0,18.0,0
airplane,50,53,103.0,inf,1.0,18.0,0
airplane,50,54,62.0,inf,1.0,18.0,0
airplane,50,55,77.0,inf,1.0,18.0,0
airplane,50,56,113.0,inf,1.0,18.0,0
airplane,50,57,121.0,inf,1.0,18.0,0
airplane,50,58,112.0,inf,1.0,18.0,0
airplane,50,59,100.0,inf,1.0,18.0,0
airplane,50,60,120.0,inf,1.0,18.0,0
airplane,50,61,92.0,inf,1.0,18.0,0
airplane,50,62,101.0,inf,1.0,18.0,0
airplane,50,63,103.0,inf,1.0,18.0,0
airplane,50,64,99.0,inf,1.0,18.0,0
baboon,50,2,11.0,45.420619314687265,0.9966868681889798,305.0,3735
baboon,50,3,12.0,44.930862643433606,0.9964206586813494,277.0,3553
baboon,50,4,14.0,44.22729694893221,0.9953397652035414,308.0,3154
baboon,50,5,12.0,45.039082693997166,0.9959181100279224,355.0,3410
baboon,50,6,10.0,46.3596866869084,0.9965864113069408,329.0,3437
baboon,50,7,16.0,43.81526301756962,0.9946262577246138,317.0,2619
baboon,50,8,14.0,44.33500228710809,0.9950926566293017,408.0,3034
baboon,50,9,13.0,44.779591039034685,0.9955183921091288,400.0,3153
baboon,50,10,14.0,44.482806523497544,0.9954380212539663,359.0,2917
baboon,50,11,18.0,43.13489251742123,0.9947547223985134,328.0,2469
baboon,50,12,17.0,43.27567772350961,0.9945459244809426,395.0,2674
baboon,50,13,16.0,43.62199627403821,0.9946831798045739,436.0,2726
baboon,50,14,19.0,42.82168796139189,0.9938847114121978,390.0,2388
baboon,50,15,24.0,42.557213420416105,0.9948854490600013,302.0,1643
baboon,50,16,40.0,42.388874291207244,0.9964647421172669,125.0,612
baboon,50,17,26.0,42.3359167011202,0.9952938483257664,443.0,1444
baboon,50,18,24.0,41.95859246302356,0.9943593292846622,540.0,1848
baboon,50,19,22.0,42.13468823031742,0.9945682534400974,481.0,2121
baboon,50,20,22.0,42.10941683324932,0.9944516801466847,429.0,2122
baboon,50,21,24.0,41.88744057663902,0.9947834565125372,367.0,1878
baboon,50,22,49.0,38.900006042600396,0.9935293489032253,140.0,913
baboon,50,23,36.0,40.03900903753639,0.9945839077873175,295.0,1293
baboon,50,24,37.0,39.567803417116764,0.993653771453239,386.0,1366
baboon,50,25,29.0,41.15149688635568,0.9947131556283146,419.0,1539
baboon,50,26,40.0,40.7713362000178,0.9955216447348542,247.0,885
baboon,50,27,58.0,42.07284879090413,0.9971852082154865,116.0,313
baboon,50,28,51.0,44.30769226116701,0.9982668764735922,104.0,242
baboon,50,29,61.0,47.36607691716551,0.9993215536527462,62.0,84
baboon,50,30,60.0,45.41524367966579,0.9988115963825047,83.0,136
baboon,50,31,57.0,42.35059142438021,0.9975810228951758,198.0,304
baboon,50,32,51.0,40.99260998821326,0.9965492175512822,356.0,520
baboon,50,33,56.0,39.526893430692766,0.9956406283915912,379.0,603
baboon,50,34,55.0,38.640075888764045,0.994308273247551,504.0,769
baboon,50,35,64.0,38.83939655277325,0.995133761434613,305.0,543
baboon,50,36,72.0,39.02300115559485,0.9953334734461585,238.0,411
baboon,50,37,92.0,39.94887078818688,0.997085616541978,122.0,204
baboon,50,38,78.0,39.51508323766806,0.9964915669744495,161.0,313
baboon,50,39,64.0,40.152123519134626,0.9965069611715985,262.0,401
baboon,50,40,68.0,41.96078082930667,0.9979344403759851,167.0,234
baboon,50,41,87.0,43.70610089534509,0.9988024910302624,73.0,96
baboon,50,42,69.0,45.76693281737428,0.9990954005461748,92.0,95
baboon,50,43,55.0,47.53489743285242,0.9993956632242005,105.0,99
baboon,50,44,56.0,47.52223506239537,0.999330037983782,61.0,96
baboon,50,45,80.0,47.71744007229923,0.9995805816971737,60.0,45
baboon,50,46,109.0,47.10458653667442,0.9995892027967562,33.0,28
baboon,50,47,81.0,43.54733036053506,0.9987543297681853,108.0,115
baboon,50,48,87.0,42.29388541690186,0.9983857416203542,147.0,133
baboon,50,49,95.0,41.459926059642775,0.9980540712102204,164.0,135
baboon,50,50,98.0,45.33441414593056,0.999285932372923,71.0,52
baboon,50,51,103.0,46.86582982906752,0.9995170131137601,52.0,33
baboon,50,52,104.0,50.51428436622254,0.9997822139935199,41.0,14
baboon,50,53,103.0,51.637240472808124,0.9998215275786656,31.0,11
baboon,50,54,62.0,50.240720828338645,0.9997043756834615,62.0,42
baboon,50,55,77.0,52.81153196260442,0.9998660778756497,31.0,15
baboon,50,56,113.0,58.25591337855957,0.9999635514648262,28.0,2
baboon,50,57,121.0,57.65642914533749,0.9999641149644832,37.0,2
baboon,50,58,112.0,49.56659269873465,0.9997456032594483,44.0,15
baboon,50,59,100.0,52.30345330305971,0.999879138927389,25.0,10
baboon,50,60,120.0,60.672079387148024,0.9999787608871495,28.0,1
baboon,50,61,92.0,60.04608186828487,0.9999762049395293,38.0,2
baboon,50,62,101.0,inf,1.0,18.0,0
baboon,50,63,103.0,59.05018190855923,0.999966129351135,26.0,2
baboon,50,64,99.0,inf,1.0,18.0,0
boat,50,2,11.0,46.21853043845489,0.9943676322593399,274.0,3118
boat,50,3,12.0,45.39864433285363,0.9931344751690246,305.0,3181
boat,50,4,14.0,45.48477746336199,0.9932967710009812,259.0,2358
boat,50,5,12.0,46.44515733280017,0.9946436696458033,311.0,2463
boat,50,6,10.0,47.65586477741558,0.9956828990850745,356.0,2575
boat,50,7,16.0,45.38385050649267,0.9937318058463682,245.0,1825
boat,50,8,14.0,46.19087542081111,0.9945866252816965,329.0,1973
boat,50,9,13.0,46.61257168738092,0.9947910437699411,379.0,2070
boat,50,10,14.0,46.45681528537913,0.9947140044014944,278.0,1854
boat,50,11,18.0,46.54617051752554,0.995325620475272,162.0,1125
boat,50,12,17.0,46.175851319851056,0.9948559988593965,303.0,1373
boat,50,13,16.0,46.422504998292,0.9952673597855458,359.0,1437
boat,50,14,19.0,45.090645074218976,0.994005045250238,370.0,1417
boat,50,15,24.0,44.11302545220251,0.9935275754457311,280.0,1149
boat,50,16,40.0,42.79038501896264,0.993631286507261,109.0,559
boat,50,17,26.0,44.708239845174816,0.9948383715403192,239.0,836
boat,50,18,24.0,45.625499133959025,0.9957669490285697,282.0,796
boat,50,19,22.0,46.92760129760204,0.9967345191673295,263.0,704
boat,50,20,22.0,48.16463233732753,0.9976349909556973,199.0,526
boat,50,21,24.0,49.50919016309025,0.998271977484981,188.0,325
boat,50,22,49.0,61.53018482464181,0.9999224325805083,26.0,5
boat,50,23,36.0,54.33729799761223,0.999709350074612,54.0,48
boat,50,24,37.0,49.59307478625787,0.9989307290086782,106.0,136
boat,50,25,29.0,47.568170978095026,0.9977792156610349,239.0,352
boat,50,26,40.0,45.175739969105805,0.9970793384475525,197.0,322
boat,50,27,58.0,43.75726354057339,0.9964917177109008,137.0,214
boat,50,28,51.0,43.44558582095894,0.9956971312459213,221.0,296
boat,50,29,61.0,44.41192254475319,0.9977486612772398,81.0,166
boat,50,30,60.0,45.84797169905876,0.9980843881911243,68.0,124
boat,50,31,57.0,46.938779828353276,0.9985601287142534,59.0,107
boat,50,32,51.0,49.68024450461467,0.9991910226762881,85.0,71
boat,50,33,56.0,55.630852777374784,0.9998385794016081,50.0,15
boat,50,34,55.0,58.55444960101739,0.9999133214330242,29.0,8
boat,50,35,64.0,inf,1.0,18.0,0
boat,50,36,72.0,inf,1.0,18.0,0
boat,50,37,92.0,inf,1.0,18.0,0
boat,50,38,78.0,inf,1.0,18.0,0
boat,50,39,64.0,63.204626740795945,0.9999775237105999,12.0,2
boat,50,40,68.0,58.77127682230135,0.9999327524802152,18.0,5
boat,50,41,87.0,53.724639653809795,0.9998090944476231,37.0,10
boat,50,42,69.0,48.32793482219443,0.9990820868842526,82.0,53
boat,50,43,55.0,46.88532367476591,0.9986922846008914,125.0,116
boat,50,44,56.0,50.17515894188414,0.9994664444858485,52.0,53
boat,50,45,80.0,55.403354009963024,0.9998873277395149,25.0,8
boat,50,46,109.0,inf,1.0,18.0,0
boat,50,47,81.0,inf,1.0,18.0,0
boat,50,48,87.0,inf,1.0,18.0,0
boat,50,49,95.0,inf,1.0,18.0,0
boat,50,50,98.0,inf,1.0,18.0,0
boat,50,51,103.0,inf,1.0,18.0,0
boat,50,52,104.0,inf,1.0,18.0,0
boat,50,53,103.0,62.393319290224795,0.9999812468480384,20.0,1
boat,50,54,62.0,53.970342861972256,0.9998508233519068,55.0,18
boat,50,55,77.0,64.46005757872749,0.9999646989487603,18.0,1
boat,50,56,113.0,inf,1.0,18.0,0
boat,50,57,121.0,inf,1.0,18.0,0
boat,50,58,112.0,inf,1.0,18.0,0
boat,50,59,100.0,inf,1.0,18.0,0
boat,50,60,120.0,inf,1.0,18.0,0
boat,50,61,92.0,inf,1.0,18.0,0
boat,50,62,101.0,inf,1.0,18.0,0
boat,50,63,103.0,inf,1.0,18.0,0
boat,50,64,99.0,inf,1.0,18.0,0
lake,50,2,11.0,45.99076950135171,0.9942893289430192,267.0,3281
lake,50,3,12.0,45.63148634050624,0.9942219704143501,269.0,3016
lake,50,4,14.0,45.2638024782323,0.9932116272266742,264.0,2477
lake,50,5,12.0,46.29050295039647,0.9948766023924314,307.0,2556
lake,50,6,10.0,47.375965536481026,0.9954367707955136,348.0,2741
lake,50,7,16.0,45.08187598624321,0.9938351963948955,243.0,1958
lake,50,8,14.0,45.922603151879485,0.9948330935981375,333.0,2095
lake,50,9,13.0,46.24895058243732,0.9946803987062445,397.0,2249
lake,50,10,14.0,45.83250512521736,0.9939380170317321,364.0,2131
lake,50,11,18.0,45.40856445981894,0.9949942922772496,245.0,1464
lake,50,12,17.0,45.3429153462804,0.9945494140058396,324.0,1661
lake,50,13,16.0,45.634599596141115,0.9949114658959771,340.0,1719
lake,50,14,19.0,44.778542000971,0.9941177214347443,307.0,1522
lake,50,15,24.0,44.43512038040605,0.9945805425204495,222.0,1066
lake,50,16,40.0,44.83654112867093,0.9964902740502559,83.0,348
lake,50,17,26.0,45.02616762994794,0.9958571530283262,263.0,776
lake,50,18,24.0,44.70151777062205,0.9955148453281175,339.0,982
lake,50,19,22.0,45.094109919628195,0.9956552262087416,349.0,1072
lake,50,20,22.0,45.416511587916006,0.9960049108942945,301.0,990
lake,50,21,24.0,45.31857112903307,0.9961292905029726,266.0,851
lake,50,22,49.0,45.80275384866486,0.9977075160628982,61.0,186
lake,50,23,36.0,46.37368099652796,0.997818504964253,130.0,301
lake,50,24,37.0,45.07217421137106,0.9973233583806091,191.0,385
lake,50,25,29.0,45.43195121163434,0.9970297928138081,275.0,575
lake,50,26,40.0,46.16280564910744,0.9981543520193406,118.0,256
lake,50,27,58.0,50.821086589368356,0.9994965040956824,49.0,42
lake,50,28,51.0,48.59325195142742,0.9988217084625877,85.0,90
lake,50,29,61.0,54.824639288081926,0.9998103102729211,34.0,15
lake,50,30,60.0,58.25216373011743,0.9998859418419023,28.0,7
lake,50,31,57.0,54.40561539227747,0.9998109915652417,39.0,19
lake,50,32,51.0,49.8921552474506,0.9994414516712127,84.0,67
lake,50,33,56.0,50.00135400598889,0.9994329579104018,69.0,54
lake,50,34,55.0,49.03977361618879,0.9992725022555058,76.0,70
lake,50,35,64.0,52.220801575957985,0.9996742257605716,51.0,25
lake,50,36,72.0,51.75840720289575,0.9994551595610887,36.0,22
lake,50,37,92.0,63.05844228982825,0.9999921560737929,24.0,1
lake,50,38,78.0,64.48360049946623,0.9999925263945457,20.0,1
lake,50,39,64.0,55.39117059034032,0.999854612176933,49.0,12
lake,50,40,68.0,57.19095975495996,0.9998976518460398,26.0,7
lake,50,41,87.0,inf,1.0,18.0,0
lake,50,42,69.0,65.53739701307981,0.999979369888484,25.0,1
lake,50,43,55.0,inf,1.0,18.0,0
lake,50,44,56.0,inf,1.0,18.0,0
lake,50,45,80.0,inf,1.0,18.0,0
lake,50,46,109.0,inf,1.0,18.0,0
lake,50,47,81.0,inf,1.0,18.0,0
lake,50,48,87.0,inf,1.0,18.0,0
lake,50,49,95.0,inf,1.0,18.0,0
lake,50,50,98.0,inf,1.0,18.0,0
lake,50,51,103.0,inf,1.0,18.0,0
lake,50,52,104.0,inf,1.0,18.0,0
lake,50,53,103.0,inf,1.0,18.0,0
lake,50,54,62.0,inf,1.0,18.0,0
lake,50,55,77.0,inf,1.0,18.0,0
lake,50,56,113.0,inf,1.0,18.0,0
lake,50,57,121.0,inf,1.0,18.0,0
lake,50,58,112.0,inf,1.0,18.0,0
lake,50,59,100.0,inf,1.0,18.0,0
lake,50,60,120.0,inf,1.0,18.0,0
lake,50,61,92.0,inf,1.0,18.0,0
lake,50,62,101.0,inf,1.0,18.0,0
lake,50,63,103.0,inf,1.0,18.0,0
lake,50,64,99.0,inf,1.0,18.0,0
peppers,50,2,11.0,45.971843280201774,0.9907315438876984,284.0,3311
peppers,50,3,12.0,45.72264179979328,0.9907964553557527,264.0,2960
peppers,50,4,14.0,46.81345444392348,0.9931067282734687,215.0,1730
peppers,50,5,12.0,47.021193485010244,0.9931582250002848,341.0,2159
peppers,50,6,10.0,48.29465552104366,0.9944319837189353,379.0,2236
peppers,50,7,16.0,47.113398613519195,0.994131864918015,200.0,1226
peppers,50,8,14.0,47.79511698815455,0.9947514881047274,281.0,1368
peppers,50,9,13.0,48.22653144079737,0.9951321242937673,348.0,1426
peppers,50,10,14.0,48.31837568831603,0.995238848327288,294.0,1207
peppers,50,11,18.0,49.39545944111434,0.9973128299978814,99.0,581
peppers,50,12,17.0,48.55054274501454,0.9962130675236078,232.0,795
peppers,50,13,16.0,48.42541066038468,0.9962519797753518,285.0,907
peppers,50,14,19.0,48.08498979126236,0.9961485479379818,209.0,711
peppers,50,15,24.0,47.52102556108192,0.9964721388214294,152.0,525
peppers,50,16,40.0,47.82853691350343,0.9974999982507324,32.0,176
peppers,50,17,26.0,48.987941609015955,0.9978246751287053,98.0,314
peppers,50,18,24.0,48.98207269563734,0.9976401883947436,135.0,368
peppers,50,19,22.0,49.165950835069665,0.997678778830154,179.0,423
peppers,50,20,22.0,49.416925878736215,0.9977908372743449,178.0,397
peppers,50,21,24.0,49.70869350232904,0.9980437799177577,109.0,310
peppers,50,22,49.0,49.13857717391907,0.9984523879624311,11.0,87
peppers,50,23,36.0,50.60959669258291,0.9988519413013537,33.0,115
peppers,50,24,37.0,50.297426958833924,0.9988807352587545,58.0,117
peppers,50,25,29.0,50.374113031728896,0.9986465292810452,102.0,186
peppers,50,26,40.0,50.22035572286164,0.9988298115265016,71.0,101
peppers,50,27,58.0,51.71307813718087,0.9993316936769029,36.0,35
peppers,50,28,51.0,48.877136685333056,0.9982582863807714,72.0,85
peppers,50,29,61.0,51.4853711015095,0.9992170836320162,32.0,33
peppers,50,30,60.0,55.836508244566005,0.9997546182626731,25.0,13
peppers,50,31,57.0,53.418201282872324,0.999516214654676,34.0,24
peppers,50,32,51.0,53.90279586307179,0.999643251896539,29.0,27
peppers,50,33,56.0,54.12734868225562,0.999687480890599,18.0,21
peppers,50,34,55.0,53.764950175938665,0.9996870306169398,38.0,24
peppers,50,35,64.0,58.44497522891987,0.9998594257877548,17.0,6
peppers,50,36,72.0,52.628059026109284,0.9995683595261231,30.0,18
peppers,50,37,92.0,63.248543932788444,0.9999857890124231,12.0,1
peppers,50,38,78.0,61.903065674737114,0.9999604132175365,11.0,2
peppers,50,39,64.0,56.03988195191942,0.9998528644794707,8.0,11
peppers,50,40,68.0,58.17968530755873,0.9998994832885124,17.0,6
peppers,50,41,87.0,63.474482132956595,0.9999797032071847,19.0,1
peppers,50,42,69.0,60.97666438301615,0.9999071379392226,28.0,3
peppers,50,43,55.0,61.588191334097225,0.9999588242977331,18.0,4
peppers,50,44,56.0,64.28914955745219,0.9999609872880761,12.0,2
peppers,50,45,80.0,inf,1.0,18.0,0
peppers,50,46,109.0,inf,1.0,18.0,0
peppers,50,47,81.0,inf,1.0,18.0,0
peppers,50,48,87.0,inf,1.0,18.0,0
peppers,50,49,95.0,inf,1.0,18.0,0
peppers,50,50,98.0,inf,1.0,18.0,0
peppers,50,51,103.0,inf,1.0,18.0,0
peppers,50,52,104.0,inf,1.0,18.0,0
peppers,50,53,103.0,inf,1.0,18.0,0
peppers,50,54,62.0,63.980269888211154,0.9999812336097986,18.0,2
peppers,50,55,77.0,inf,1.0,18.0,0
peppers,50,56,113.0,inf,1.0,18.0,0
peppers,50,57,121.0,inf,1.0,18.0,0
peppers,50,58,112.0,inf,1.0,18.0,0
peppers,50,59,100.0,inf,1.0,18.0,0
peppers,50,60,120.0,inf,1.0,18.0,0
peppers,50,61,92.0,inf,1.0,18.0,0
peppers,50,62,101.0,inf,1.0,18.0,0
peppers,50,63,103.0,inf,1.0,18.0,0
peppers,50,64,99.0,inf,1.0,18.0,0
splash,50,2,11.0,47.090287011097914,0.9919000122822785,247.0,2568
splash,50,3,12.0,46.80981073615268,0.9912489979300321,291.0,2294
splash,50,4,14.0,47.63836127596754,0.9916841029317243,230.0,1413
splash,50,5,12.0,48.987840701585256,0.9940001758289241,305.0,1373
splash,50,6,10.0,49.325250292846896,0.9943568708942045,428.0,1784
splash,50,7,16.0,48.76945324518395,0.9947817106478303,126.0,835
splash,50,8,14.0,50.36789701017302,0.9955985166387107,222.0,755
splash,50,9,13.0,49.31248742201409,0.993965725780758,403.0,1106
splash,50,10,14.0,49.15092216728749,0.9938880462229788,349.0,989
splash,50,11,18.0,50.46761411248721,0.9963902486490066,128.0,456
splash,50,12,17.0,50.505974865656846,0.9961112784421325,189.0,505
splash,50,13,16.0,50.93737869158895,0.99654387489683,211.0,508
splash,50,14,19.0,51.782421642600056,0.9975782197600456,102.0,304
splash,50,15,24.0,49.397965052365976,0.9973166481727204,133.0,340
splash,50,16,40.0,47.47779186731278,0.9968041991195078,69.0,190
splash,50,17,26.0,54.569281748053164,0.999279560102387,27.0,86
splash,50,18,24.0,53.07087732171571,0.998771669109822,87.0,144
splash,50,19,22.0,52.846426625042184,0.9983580026984199,97.0,180
splash,50,20,22.0,53.1267302173893,0.9984065843809403,127.0,168
splash,50,21,24.0,52.64990536521993,0.9983695551418389,93.0,157
splash,50,22,49.0,51.61187110986774,0.9989719646343019,29.0,49
splash,50,23,36.0,58.36591094286199,0.9996820931225828,36.0,19
splash,50,24,37.0,56.038960763069,0.9995821996802186,26.0,31
splash,50,25,29.0,55.104611857374046,0.9994166574172957,46.0,62
splash,50,26,40.0,55.62861741068615,0.9995889940217549,32.0,29
splash,50,27,58.0,inf,1.0,18.0,0
splash,50,28,51.0,47.84263762222571,0.9966885550968154,176.0,109
splash,50,29,61.0,46.84983861335905,0.9982341730978586,82.0,96
splash,50,30,60.0,inf,1.0,18.0,0
splash,50,31,57.0,inf,1.0,18.0,0
splash,50,32,51.0,61.10585980347273,0.9999514967756054,24.0,5
splash,50,33,56.0,62.77957219072481,0.9999769291352847,17.0,3
splash,50,34,55.0,61.641774400431906,0.9999373611774218,18.0,4
splash,50,35,64.0,inf,1.0,18.0,0
splash,50,36,72.0,60.92056016643723,0.9999317601143198,24.0,3
splash,50,37,92.0,inf,1.0,18.0,0
splash,50,38,78.0,inf,1.0,18.0,0
splash,50,39,64.0,inf,1.0,18.0,0
splash,50,40,68.0,inf,1.0,18.0,0
splash,50,41,87.0,inf,1.0,18.0,0
splash,50,42,69.0,inf,1.0,18.0,0
splash,50,43,55.0,inf,1.0,18.0,0
splash,50,44,56.0,inf,1.0,18.0,0
splash,50,45,80.0,inf,1.0,18.0,0
splash,50,46,109.0,inf,1.0,18.0,0
splash,50,47,81.0,inf,1.0,18.0,0
splash,50,48,87.0,inf,1.0,18.0,0
splash,50,49,95.0,inf,1.0,18.0,0
splash,50,50,98.0,inf,1.0,18.0,0
splash,50,51,103.0,inf,1.0,18.0,0
splash,50,52,104.0,inf,1.0,18.0,0
splash,50,53,103.0,inf,1.0,18.0,0
splash,50,54,62.0,inf,1.0,18.0,0
splash,50,55,77.0,inf,1.0,18.0,0
splash,50,56,113.0,inf,1.0,18.0,0
splash,50,57,121.0,inf,1.0,18.0,0
splash,50,58,112.0,inf,1.0,18.0,0
splash,50,59,100.0,inf,1.0,18.0,0
splash,50,60,120.0,inf,1.0,18.0,0
splash,50,61,92.0,inf,1.0,18.0,0
splash,50,62,101.0,inf,1.0,18.0,0
splash,50,63,103.0,inf,1.0,18.0,0
splash,50,64,99.0,inf,1.0,18.0,0
airplane,60,2,9.0,48.19122775729837,0.9951843664280441,227.0,2775
airplane,60,3,10.0,47.128984577704045,0.9938791341907277,283.0,2969
airplane,60,4,11.0,47.47670868228817,0.9940214479325992,288.0,2302
airplane,60,5,10.0,48.49859207015891,0.9956905908984192,257.0,2150
airplane,60,6,8.0,50.03466402262742,0.9967507905506419,298.0,2149
airplane,60,7,13.0,48.15311030523304,0.9963294399066783,199.0,1447
airplane,60,8,11.0,48.65586029608583,0.9960596612197312,319.0,1769
airplane,60,9,10.0,49.351152407547445,0.9965671342476812,312.0,1786
airplane,60,10,11.0,48.58827911330505,0.9958998042611433,316.0,1801
airplane,60,11,14.0,48.50765314938775,0.997201033094434,171.0,1154
airplane,60,12,14.0,48.360719931306384,0.9969963713249664,198.0,1198
airplane,60,13,13.0,48.40198191627735,0.9966375857688652,295.0,1367
airplane,60,14,15.0,48.07950154773892,0.9967708805651454,211.0,1131
airplane,60,15,19.0,47.2202935494966,0.996950437608896,155.0,859
airplane,60,16,32.0,47.2261007585217,0.9978059492508834,70.0,313
airplane,60,17,21.0,47.55004551450318,0.9973871664683717,194.0,669
airplane,60,18,19.0,47.161597450966575,0.9969199175062462,267.0,878
airplane,60,19,18.0,48.05921439837217,0.9975263932433389,221.0,795
airplane,60,20,18.0,48.45863908675498,0.9978431187159372,213.0,724
airplane,60,21,19.0,48.04791955860101,0.9975321213775483,237.0,716
airplane,60,22,39.0,48.36505408584179,0.9978861765236143,22.0,162
airplane,60,23,29.0,49.86144630317055,0.9989961819874013,89.0,207
airplane,60,24,30.0,48.17958478147047,0.9985396278142296,154.0,287
airplane,60,25,23.0,48.02050477118186,0.9981352809228575,243.0,500
airplane,60,26,32.0,47.42108977369199,0.9982567023754367,131.0,298
airplane,60,27,46.0,50.243764983281956,0.9992396578794437,42.0,76
airplane,60,28,41.0,49.44674553105001,0.9985399234810274,78.0,114
airplane,60,29,49.0,50.63444072092018,0.998911649392988,47.0,61
airplane,60,30,48.0,54.857650876458436,0.99979580396874,17.0,24
airplane,60,31,46.0,52.30622552461778,0.9996232142814271,38.0,47
airplane,60,32,41.0,50.12297774400235,0.9993241874070439,107.0,98
airplane,60,33,45.0,51.35976780278337,0.99949226778174,53.0,61
airplane,60,34,44.0,53.94796319825795,0.9997520833882901,53.0,35
airplane,60,35,51.0,59.12326798714294,0.9999126699461932,34.0,8
airplane,60,36,58.0,50.322107045581674,0.9988102476279682,63.0,47
airplane,60,37,74.0,inf,1.0,18.0,0
airplane,60,38,62.0,66.40221731538324,0.9999777196721823,30.0,1
airplane,60,39,51.0,59.71071910182593,0.9999470420020576,31.0,7
airplane,60,40,54.0,59.84334579956194,0.9999416785656181,23.0,6
airplane,60,41,70.0,inf,1.0,18.0,0
airplane,60,42,55.0,inf,1.0,18.0,0
airplane,60,43,44.0,64.62908202441908,0.9999783079175181,26.0,3
airplane,60,44,45.0,inf,1.0,18.0,0
airplane,60,45,64.0,inf,1.0,18.0,0
airplane,60,46,87.0,inf,1.0,18.0,0
airplane,60,47,65.0,inf,1.0,18.0,0
airplane,60,48,70.0,inf,1.0,18.0,0
airplane,60,49,76.0,inf,1.0,18.0,0
airplane,60,50,78.0,inf,1.0,18.0,0
airplane,60,51,82.0,inf,1.0,18.0,0
airplane,60,52,83.0,inf,1.0,18.0,0
airplane,60,53,82.0,inf,1.0,18.0,0
airplane,60,54,50.0,inf,1.0,18.0,0
airplane,60,55,62.0,inf,1.0,18.0,0
airplane,60,56,90.0,inf,1.0,18.0,0
airplane,60,57,97.0,inf,1.0,18.0,0
airplane,60,58,90.0,inf,1.0,18.0,0
airplane,60,59,80.0,inf,1.0,18.0,0
airplane,60,60,96.0,inf,1.0,18.0,0
airplane,60,61,74.0,inf,1.0,18.0,0
airplane,60,62,81.0,inf,1.0,18.0,0
airplane,60,63,82.0,inf,1.0,18.0,0
airplane,60,64,79.0,inf,1.0,18.0,0
baboon,60,2,9.0,46.816244312889204,0.9975211246382811,297.0,3805
baboon,60,3,10.0,46.26785348085127,0.9973305579473487,256.0,3625
baboon,60,4,11.0,45.83171470136363,0.9965445435404745,329.0,3366
baboon,60,5,10.0,46.392514120508466,0.9969443147704883,316.0,3510
baboon,60,6,8.0,47.89068398637557,0.9975688213932068,315.0,3524
baboon,60,7,13.0,45.11494069777599,0.9956787918094775,340.0,2915
baboon,60,8,11.0,45.92425745521062,0.9963431766584175,421.0,3310
baboon,60,9,10.0,46.72390152388462,0.997050449378285,357.0,3277
baboon,60,10,11.0,46.09432173184941,0.9965710156071156,359.0,3201
baboon,60,11,14.0,44.79581059051686,0.9960104490488063,300.0,2715
baboon,60,12,14.0,44.65380741881481,0.9958404189980244,352.0,2809
baboon,60,13,13.0,44.98661503627096,0.9957358262388947,456.0,3015
baboon,60,14,15.0,44.28767912892181,0.9951731103927286,420.0,2702
baboon,60,15,19.0,43.451244815074865,0.9952360844601198,323.0,2049
baboon,60,16,32.0,42.932877248539256,0.996459916218917,172.0,838
baboon,60,17,21.0,43.17033861977546,0.9954422165719442,516.0,1828
baboon,60,18,19.0,43.06134920728003,0.9947964407567632,558.0,2255
baboon,60,19,18.0,43.31057629096233,0.9952729202928953,477.0,2375
baboon,60,20,18.0,43.325810093593006,0.9952702794785315,424.0,2362
baboon,60,21,19.0,43.122675729453015,0.9952512440457703,422.0,2228
baboon,60,22,39.0,39.89524060566507,0.9942889783572424,164.0,1138
baboon,60,23,29.0,41.05004178547516,0.9950806142559827,336.0,1574
baboon,60,24,30.0,40.80238786157834,0.9948124629457389,363.0,1568
baboon,60,25,23.0,42.326560063124475,0.9952714044151145,481.0,1855
baboon,60,26,32.0,41.43506175293959,0.9953552402569694,282.0,1186
baboon,60,27,46.0,42.2486851318962,0.9970225660470375,120.0,478
baboon,60,28,41.0,44.375667479344195,0.998145676492818,138.0,368
baboon,60,29,49.0,46.45535069668314,0.9990762486325981,75.0,160
baboon,60,30,48.0,45.04628340787605,0.9986051557440674,113.0,230
baboon,60,31,46.0,42.1761036113725,0.9971745310600268,261.0,485
baboon,60,32,41.0,41.26335308317021,0.9962835843704578,430.0,755
baboon,60,33,45.0,39.869088373244516,0.9954804108284941,443.0,862
baboon,60,34,44.0,39.59307014643639,0.9950727409544899,448.0,963
baboon,60,35,51.0,39.328106380296724,0.9950875642923528,305.0,762
baboon,60,36,58.0,39.50293695270356,0.9954733990689926,235.0,567
baboon,60,37,74.0,39.65233105485447,0.9965629860222669,152.0,337
baboon,60,38,62.0,39.62362152738463,0.9962384371274606,211.0,482
baboon,60,39,51.0,40.29327087910045,0.9963088832182814,270.0,610
baboon,60,40,54.0,41.62711940603429,0.9974671074555029,200.0,400
baboon,60,41,70.0,43.00316018839601,0.9984431736564925,91.0,174
baboon,60,42,55.0,44.8948849033991,0.9987167068760974,141.0,182
baboon,60,43,44.0,47.076801170609876,0.9992568091110133,110.0,172
baboon,60,44,45.0,46.51886975843807,0.9990865415255561,112.0,187
baboon,60,45,64.0,46.41814725914286,0.9993028839292114,76.0,95
baboon,60,46,87.0,45.74708899951138,0.9993341326113869,68.0,60
baboon,60,47,65.0,42.67141910065079,0.998283659427732,193.0,217
baboon,60,48,70.0,41.55770151038956,0.9978570775267142,213.0,243
baboon,60,49,76.0,40.94599300489101,0.9975863087388289,253.0,237
baboon,60,50,78.0,43.4363185307607,0.9987313917212034,105.0,127
baboon,60,51,82.0,45.00057302115165,0.999114002363743,79.0,80
baboon,60,52,83.0,46.76372225200577,0.9994577424087224,38.0,52
baboon,60,53,82.0,50.238863056778484,0.9997448264923927,44.0,24
baboon,60,54,50.0,49.02051567103385,0.9995214336290541,85.0,85
baboon,60,55,62.0,51.429916822016665,0.9998103763661247,31.0,32
baboon,60,56,90.0,54.183996880148236,0.999919873588771,38.0,8
baboon,60,57,97.0,51.78199919022595,0.9998437933772811,25.0,12
baboon,60,58,90.0,46.682709296628666,0.9994690291157486,43.0,45
baboon,60,59,80.0,49.1873026950572,0.9997075099139436,49.0,32
baboon,60,60,96.0,55.68315207372474,0.9999423713244417,42.0,5
baboon,60,61,74.0,55.362612067525596,0.9999269383995891,16.0,9
baboon,60,62,81.0,55.11336912998858,0.9999453297198785,47.0,8
baboon,60,63,82.0,56.26541602960656,0.9999388632220496,51.0,6
baboon,60,64,79.0,56.602142819435684,0.9999521030453786,28.0,6
boat,60,2,9.0,47.48683845347489,0.9955305854523542,269.0,3246
boat,60,3,10.0,46.70344739056452,0.9947480287061913,278.0,3286
boat,60,4,11.0,46.86326776935399,0.9946479576593884,290.0,2658
boat,60,5,10.0,47.602170780307546,0.9956356395295126,296.0,2648
boat,60,6,8.0,48.949404554738564,0.9965255246444595,355.0,2768
boat,60,7,13.0,46.44528094992201,0.9944972230059905,286.0,2144
boat,60,8,11.0,47.459229844794415,0.9954443841011554,380.0,2327
boat,60,9,10.0,48.32258119307906,0.9962401977423722,325.0,2264
boat,60,10,11.0,47.793568457980484,0.995697890653038,352.0,2166
boat,60,11,14.0,47.873927467402254,0.9963860429009821,183.0,1336
boat,60,12,14.0,47.405290565266995,0.9959682477235676,286.0,1493
boat,60,13,13.0,47.36914818398717,0.9956567200376756,427.0,1737
boat,60,14,15.0,46.330858336646415,0.9948439334162837,359.0,1693
boat,60,15,19.0,44.9845673504445,0.9937961204433134,327.0,1439
boat,60,16,32.0,43.75359764829457,0.9942036824035732,113.0,695
boat,60,17,21.0,45.54829767764632,0.9949972442419773,274.0,1057
boat,60,18,19.0,46.215353019691825,0.9955788459903062,310.0,1092
boat,60,19,18.0,47.654350257635244,0.996849296548685,268.0,877
boat,60,20,18.0,48.3761889051724,0.9973756924399969,250.0,738
boat,60,21,19.0,49.384146771169846,0.997932379930093,264.0,528
boat,60,22,39.0,58.696281740617586,0.99986058704718,20.0,15
boat,60,23,29.0,52.862895908408085,0.9994332421850389,77.0,104
boat,60,24,30.0,49.587441055811425,0.9987789107049047,136.0,208
boat,60,25,23.0,47.86693733767304,0.9975196481117237,329.0,519
boat,60,26,32.0,45.81668502171168,0.9970081981777412,198.0,433
boat,60,27,46.0,43.995778484469554,0.9960145936040113,177.0,320
boat,60,28,41.0,44.111954917745734,0.9957637788449604,238.0,392
boat,60,29,49.0,44.808234826211546,0.9975349565490399,93.0,234
boat,60,30,48.0,45.7422210362732,0.9975628623437756,105.0,197
boat,60,31,46.0,46.90024815531572,0.9983327917226267,81.0,164
boat,60,32,41.0,49.045087112529195,0.9988991998211081,89.0,126
boat,60,33,45.0,53.016703098430675,0.9996278346661087,21.0,42
boat,60,34,44.0,58.29255713935411,0.9998885618238313,29.0,13
boat,60,35,51.0,inf,1.0,18.0,0
boat,60,36,58.0,inf,1.0,18.0,0
boat,60,37,74.0,inf,1.0,18.0,0
boat,60,38,62.0,inf,1.0,18.0,0
boat,60,39,51.0,60.4092449032784,0.9999606404234597,15.0,6
boat,60,40,54.0,57.27598219209654,0.9999031748205662,45.0,11
boat,60,41,70.0,52.0556529147124,0.9997041654638792,53.0,22
boat,60,42,55.0,48.53140618641013,0.999029458886906,102.0,79
boat,60,43,44.0,46.92027354891365,0.9983996457041269,158.0,179
boat,60,44,45.0,49.33483619043224,0.9992426126178583,53.0,98
boat,60,45,64.0,54.19536217687377,0.9998190440094408,22.0,16
boat,60,46,87.0,63.779220710433975,0.9999803372564608,29.0,1
boat,60,47,65.0,inf,1.0,18.0,0
boat,60,48,70.0,inf,1.0,18.0,0
boat,60,49,76.0,inf,1.0,18.0,0
boat,60,50,78.0,inf,1.0,18.0,0
boat,60,51,82.0,inf,1.0,18.0,0
boat,60,52,83.0,inf,1.0,18.0,0
boat,60,53,82.0,64.27753648534588,0.9999868605969584,19.0,1
boat,60,54,50.0,53.43339671299033,0.9997617355018044,54.0,31
boat,60,55,62.0,61.69339212846928,0.9999627723374025,18.0,3
boat,60,56,90.0,inf,1.0,18.0,0
boat,60,57,97.0,inf,1.0,18.0,0
boat,60,58,90.0,inf,1.0,18.0,0
boat,60,59,80.0,inf,1.0,18.0,0
boat,60,60,96.0,inf,1.0,18.0,0
boat,60,61,74.0,inf,1.0,18.0,0
boat,60,62,81.0,64.15909743030609,0.9999911811004654,18.0,1
boat,60,63,82.0,inf,1.0,18.0,0
boat,60,64,79.0,inf,1.0,18.0,0
lake,60,2,9.0,47.30136523746627,0.9954739163564381,246.0,3395
lake,60,3,10.0,46.91153157243061,0.9954848864449266,229.0,3122
lake,60,4,11.0,46.68509573559706,0.9944866339107628,300.0,2766
lake,60,5,10.0,47.5323706642257,0.9959165750263154,256.0,2697
lake,60,6,8.0,48.70052976601538,0.9963536225163245,330.0,2918
lake,60,7,13.0,46.341280343999514,0.9948517282731778,251.0,2194
lake,60,8,11.0,47.30608973743972,0.9957126499326608,320.0,2411
lake,60,9,10.0,48.04941516939237,0.9962369617441773,328.0,2412
lake,60,10,11.0,47.22381458751798,0.9948635339093531,424.0,2469
lake,60,11,14.0,46.78026073102281,0.9957497255395867,231.0,1718
lake,60,12,14.0,46.53194261774523,0.9954833827196445,291.0,1823
lake,60,13,13.0,46.72555544945234,0.9955335058691261,355.0,2015
lake,60,14,15.0,46.11982337757986,0.995232646750455,306.0,1772
lake,60,15,19.0,45.14223588113754,0.9946409052493804,249.0,1387
lake,60,16,32.0,45.13514040039942,0.9962780984671249,98.0,504
lake,60,17,21.0,45.481139643111284,0.995699954016285,315.0,1074
lake,60,18,19.0,45.419998026730504,0.995329778953812,378.0,1314
lake,60,19,18.0,46.02148500461332,0.9960206963538838,320.0,1273
lake,60,20,18.0,46.17589356834814,0.996174293656611,331.0,1220
lake,60,21,19.0,45.979852113223586,0.9959228659784066,283.0,1155
lake,60,22,39.0,45.64328001907101,0.9975400560213034,66.0,302
lake,60,23,29.0,45.973032575843106,0.9971219820652963,144.0,507
lake,60,24,30.0,45.52445040994879,0.9972032334058102,189.0,528
lake,60,25,23.0,45.95379192014719,0.9968047861937742,319.0,803
lake,60,26,32.0,46.127357978241214,0.9977253887169228,145.0,402
lake,60,27,46.0,49.79269771272894,0.9992566361333398,42.0,84
lake,60,28,41.0,47.7902432842653,0.9982954925135928,112.0,167
lake,60,29,49.0,53.03475451556019,0.9996607773977809,17.0,35
lake,60,30,48.0,55.4289798395467,0.999826229042723,11.0,21
lake,60,31,46.0,51.79773444505837,0.9996343062423219,43.0,53
lake,60,32,41.0,48.4471129433003,0.9989927004182879,135.0,144
lake,60,33,45.0,47.80123985380729,0.9988706659388937,126.0,139
lake,60,34,44.0,47.89987979135258,0.9989833041444183,108.0,142
lake,60,35,51.0,49.40218128853391,0.9992169416158714,64.0,75
lake,60,36,58.0,49.970776915080435,0.9991255919093144,45.0,51
lake,60,37,74.0,57.93647874380223,0.9999572725639239,12.0,5
lake,60,38,62.0,56.029351117111844,0.9998971295123892,19.0,11
lake,60,39,51.0,51.929961474710105,0.999634048217016,22.0,42
lake,60,40,54.0,54.66339264776031,0.9997918624093358,24.0,20
lake,60,41,70.0,62.39862743285224,0.9999624319921796,8.0,2
lake,60,42,55.0,59.005575822194196,0.9999440059641459,15.0,7
lake,60,43,44.0,62.50662966589951,0.9999374736972823,14.0,5
lake,60,44,45.0,69.27129755046084,0.9999944344324869,9.0,1
lake,60,45,64.0,66.15039752733685,0.9999944384948045,6.0,1
lake,60,46,87.0,inf,1.0,18.0,0
lake,60,47,65.0,63.07392701559454,0.9999847804226168,20.0,2
lake,60,48,70.0,inf,1.0,18.0,0
lake,60,49,76.0,inf,1.0,18.0,0
lake,60,50,78.0,inf,1.0,18.0,0
lake,60,51,82.0,63.980907010609286,0.9999771494445399,11.0,1
lake,60,52,83.0,inf,1.0,18.0,0
lake,60,53,82.0,inf,1.0,18.0,0
lake,60,54,50.0,inf,1.0,18.0,0
lake,60,55,62.0,inf,1.0,18.0,0
lake,60,56,90.0,inf,1.0,18.0,0
lake,60,57,97.0,inf,1.0,18.0,0
lake,60,58,90.0,inf,1.0,18.0,0
lake,60,59,80.0,inf,1.0,18.0,0
lake,60,60,96.0,inf,1.0,18.0,0
lake,60,61,74.0,inf,1.0,18.0,0
lake,60,62,81.0,inf,1.0,18.0,0
lake,60,63,82.0,inf,1.0,18.0,0
lake,60,64,79.0,inf,1.0,18.0,0
peppers,60,2,9.0,47.24447410664173,0.9927967131435759,278.0,3436
peppers,60,3,10.0,46.92575564819605,0.9927788428729576,283.0,3124
peppers,60,4,11.0,47.740259933234356,0.993619035487465,297.0,2169
peppers,60,5,10.0,48.152194523537666,0.9944758958003851,342.0,2338
peppers,60,6,8.0,49.387221078015465,0.9952750459056482,408.0,2497
peppers,60,7,13.0,47.7739454305992,0.9940991828266587,270.0,1578
peppers,60,8,11.0,48.54355932988604,0.9947932845102702,397.0,1819
peppers,60,9,10.0,49.642420202131916,0.9960714368712427,356.0,1667
peppers,60,10,11.0,49.0076837723783,0.9952208089351481,427.0,1639
peppers,60,11,14.0,50.06994000634141,0.9970676900984644,188.0,805
peppers,60,12,14.0,49.499870486659844,0.996667599575956,247.0,922
peppers,60,13,13.0,48.946005302191644,0.995897106433364,398.0,1209
peppers,60,14,15.0,48.747973566356826,0.995993692046698,291.0,970
peppers,60,15,19.0,47.890151038547714,0.9959130647453521,222.0,735
peppers,60,16,32.0,48.52351033345925,0.9976958699236571,55.0,232
peppers,60,17,21.0,49.135235418738006,0.9973919082851547,180.0,464
peppers,60,18,19.0,49.329221833456614,0.9973412094914484,218.0,535
peppers,60,19,18.0,49.76663962659355,0.9975516320158476,249.0,541
peppers,60,20,18.0,49.94743074627583,0.9976394614174044,213.0,515
peppers,60,21,19.0,50.14418063353951,0.997777776220407,179.0,444
peppers,60,22,39.0,50.005969399691914,0.9985903604152427,48.0,112
peppers,60,23,29.0,50.876660487148975,0.9987856529318813,91.0,165
peppers,60,24,30.0,50.91124809991726,0.9989419201925919,92.0,154
peppers,60,25,23.0,50.94035157848766,0.9986125137493145,165.0,256
peppers,60,26,32.0,50.71403937805036,0.9988168349001394,84.0,140
peppers,60,27,46.0,51.43115643390934,0.9991092067382118,80.0,59
peppers,60,28,41.0,49.52578771506894,0.9982919975720002,122.0,113
peppers,60,29,49.0,51.69380604867034,0.9992744666174503,51.0,48
peppers,60,30,48.0,55.49502294264407,0.9996803483655788,33.0,21
peppers,60,31,46.0,52.64821736436211,0.9993911697246065,52.0,44
peppers,60,32,41.0,53.264776840138595,0.9995098044367625,66.0,48
peppers,60,33,45.0,53.15629828958147,0.9995707602248649,55.0,41
peppers,60,34,44.0,52.76423374973789,0.9994455736809603,83.0,47
peppers,60,35,51.0,57.09724153843467,0.9997791544216853,37.0,13
peppers,60,36,58.0,52.40669051810361,0.9993906181317354,59.0,29
peppers,60,37,74.0,58.92546653178457,0.9999431184968826,30.0,4
peppers,60,38,62.0,63.859022648529134,0.999969444536776,27.0,2
peppers,60,39,51.0,55.105767466676234,0.9997859910494228,43.0,21
peppers,60,40,54.0,58.288088558276236,0.9998708474672829,30.0,9
peppers,60,41,70.0,60.68548400815753,0.9999303157840818,17.0,3
peppers,60,42,55.0,59.81322290479707,0.9999195677208546,33.0,6
peppers,60,43,44.0,59.04711203862224,0.9998900237356856,34.0,11
peppers,60,44,45.0,58.40579263148443,0.9998999272258299,28.0,12
peppers,60,45,64.0,63.39247375421135,0.9999646030315696,19.0,2
peppers,60,46,87.0,63.5286876264657,0.9999793448094508,18.0,1
peppers,60,47,65.0,63.12960989397749,0.9999868243696376,26.0,2
peppers,60,48,70.0,65.555671581677,0.9999885213402484,40.0,1
peppers,60,49,76.0,inf,1.0,18.0,0
peppers,60,50,78.0,inf,1.0,18.0,0
peppers,60,51,82.0,inf,1.0,18.0,0
peppers,60,52,83.0,inf,1.0,18.0,0
peppers,60,53,82.0,inf,1.0,18.0,0
peppers,60,54,50.0,62.531658494543436,0.9999698977916678,49.0,4
peppers,60,55,62.0,inf,1.0,18.0,0
peppers,60,56,90.0,inf,1.0,18.0,0
peppers,60,57,97.0,inf,1.0,18.0,0
peppers,60,58,90.0,inf,1.0,18.0,0
peppers,60,59,80.0,inf,1.0,18.0,0
peppers,60,60,96.0,inf,1.0,18.0,0
peppers,60,61,74.0,inf,1.0,18.0,0
peppers,60,62,81.0,inf,1.0,18.0,0
peppers,60,63,82.0,inf,1.0,18.0,0
peppers,60,64,79.0,inf,1.0,18.0,0
splash,60,2,9.0,48.16403130239959,0.9933238525233498,250.0,2793
splash,60,3,10.0,47.86198241236249,0.9928927644803197,306.0,2513
splash,60,4,11.0,48.46996303097308,0.9925311318740861,305.0,1836
splash,60,5,10.0,49.7416491108106,0.9947536126367283,328.0,1614
splash,60,6,8.0,50.161942350258045,0.9949368919203623,435.0,2078
splash,60,7,13.0,49.15826208572178,0.994402586660266,210.0,1139
splash,60,8,11.0,50.45373290408417,0.9951510422994773,332.0,1167
splash,60,9,10.0,50.58530211086537,0.9951663955730917,417.0,1338
splash,60,10,11.0,49.686592558974006,0.9939015859589643,436.0,1401
splash,60,11,14.0,51.002422470564724,0.9962287986420162,146.0,652
splash,60,12,14.0,51.1944442606488,0.9963567420192758,198.0,621
splash,60,13,13.0,50.92330096002908,0.995856213104103,324.0,766
splash,60,14,15.0,51.73148705386432,0.9969421159930796,170.0,490
splash,60,15,19.0,50.0433532571763,0.9971373451776753,196.0,450
splash,60,16,32.0,49.13281425313319,0.9975472338159933,99.0,201
splash,60,17,21.0,53.906614992637685,0.9987814826311375,82.0,154
splash,60,18,19.0,52.77189619868406,0.9981632286063593,143.0,241
splash,60,19,18.0,52.81966851564802,0.9980979813097288,140.0,267
splash,60,20,18.0,52.78131203643908,0.9979206623242388,181.0,268
splash,60,21,19.0,52.80870965662831,0.9980859202675676,123.0,241
splash,60,22,39.0,52.40708963080151,0.9989187586384369,54.0,64
splash,60,23,29.0,56.90765466867323,0.9994504992196099,32.0,41
splash,60,24,30.0,56.05218317758886,0.9995072299899392,55.0,47
splash,60,25,23.0,54.90673662578695,0.9991559380381987,99.0,102
splash,60,26,32.0,55.93800454874604,0.9995556440767033,39.0,42
splash,60,27,46.0,61.9984837530557,0.9999152709988084,18.0,5
splash,60,28,41.0,49.52745553457336,0.9973265417129517,125.0,112
splash,60,29,49.0,47.05703872827412,0.997753615792468,96.0,141
splash,60,30,48.0,inf,1.0,18.0,0
splash,60,31,46.0,66.20109395692916,0.9999892547591286,38.0,2
splash,60,32,41.0,60.511216595875595,0.99990737498804,31.0,9
splash,60,33,45.0,58.82303894049465,0.9998630218764806,47.0,11
splash,60,34,44.0,63.50349778890214,0.9999520809301466,29.0,4
splash,60,35,51.0,inf,1.0,18.0,0
splash,60,36,58.0,62.34364992999468,0.9999513493430412,23.0,3
splash,60,37,74.0,inf,1.0,18.0,0
splash,60,38,62.0,inf,1.0,18.0,0
splash,60,39,51.0,inf,1.0,18.0,0
splash,60,40,54.0,67.70872740975375,0.9999835612814197,14.0,1
splash,60,41,70.0,inf,1.0,18.0,0
splash,60,42,55.0,inf,1.0,18.0,0
splash,60,43,44.0,inf,1.0,18.0,0
splash,60,44,45.0,inf,1.0,18.0,0
splash,60,45,64.0,inf,1.0,18.0,0
splash,60,46,87.0,inf,1.0,18.0,0
splash,60,47,65.0,inf,1.0,18.0,0
splash,60,48,70.0,inf,1.0,18.0,0
splash,60,49,76.0,inf,1.0,18.0,0
splash,60,50,78.0,inf,1.0,18.0,0
splash,60,51,82.0,inf,1.0,18.0,0
splash,60,52,83.0,inf,1.0,18.0,0
splash,60,53,82.0,inf,1.0,18.0,0
splash,60,54,50.0,inf,1.0,18.0,0
splash,60,55,62.0,inf,1.0,18.0,0
splash,60,56,90.0,inf,1.0,18.0,0
splash,60,57,97.0,inf,1.0,18.0,0
splash,60,58,90.0,inf,1.0,18.0,0
splash,60,59,80.0,inf,1.0,18.0,0
splash,60,60,96.0,inf,1.0,18.0,0
splash,60,61,74.0,inf,1.0,18.0,0
splash,60,62,81.0,inf,1.0,18.0,0
splash,60,63,82.0,inf,1.0,18.0,0
splash,60,64,79.0,inf,1.0,18.0,0
airplane,70,2,7.0,49.81876647210623,0.99635830624148,275.0,3025
airplane,70,3,7.0,49.50766582385451,0.9960315733328963,304.0,3267
airplane,70,4,8.0,49.38925706857145,0.9957612076314373,227.0,2482
airplane,70,5,7.0,50.35477272399796,0.9965623920707535,338.0,2627
airplane,70,6,6.0,52.01150099494275,0.9976386334557562,299.0,2418
airplane,70,7,10.0,49.734764703288555,0.9969770057476138,208.0,1633
airplane,70,8,8.0,50.571447055825885,0.9970562350944445,332.0,1976
airplane,70,9,8.0,50.565754855650766,0.99708678832353,347.0,1984
airplane,70,10,8.0,50.43961399354483,0.9969125774763811,312.0,2020
airplane,70,11,11.0,49.40675720569239,0.9972191039672303,206.0,1435
airplane,70,12,10.0,50.15108666637691,0.9975022966346447,270.0,1476
airplane,70,13,10.0,50.15182536563171,0.9974275666461124,279.0,1507
airplane,70,14,11.0,49.53623928362663,0.9970457366969229,282.0,1417
airplane,70,15,14.0,49.10197925385088,0.9976526635534848,187.0,1010
airplane,70,16,24.0,48.260826907375616,0.9981256107730201,92.0,433
airplane,70,17,16.0,48.903935570154886,0.9978428821054214,217.0,807
airplane,70,18,14.0,49.038242084191594,0.9976531398513492,299.0,1027
airplane,70,19,13.0,49.53202818698764,0.9977564399048506,261.0,1055
airplane,70,20,13.0,49.69727252046617,0.9979204639145876,281.0,1013
airplane,70,21,14.0,49.66502805607057,0.9980923013899551,235.0,882
airplane,70,22,29.0,48.761898361611,0.9979723941357189,69.0,267
airplane,70,23,22.0,50.4070338202491,0.9989290334629152,131.0,314
airplane,70,24,22.0,48.79920582414306,0.9984490316780861,219.0,449
airplane,70,25,17.0,49.093968519674256,0.9981954609542246,293.0,701
airplane,70,26,24.0,48.18442943317031,0.9982923480550238,150.0,441
airplane,70,27,35.0,49.34674427239667,0.9989340756785274,65.0,161
airplane,70,28,31.0,50.11983372010609,0.9987904674460791,69.0,172
airplane,70,29,37.0,52.15988130794922,0.9992235925512393,59.0,75
airplane,70,30,36.0,54.44216489909421,0.9997468060324338,39.0,47
airplane,70,31,34.0,51.201527713938184,0.9993948315058404,90.0,111
airplane,70,32,31.0,49.70331238162228,0.9990694559281799,142.0,188
airplane,70,33,34.0,50.61625681970634,0.9993159282852743,87.0,127
airplane,70,34,33.0,52.02801048847195,0.9995251761618971,106.0,97
airplane,70,35,38.0,55.63057329360878,0.9998120667957502,35.0,32
airplane,70,36,43.0,50.17139381170117,0.998797794485298,101.0,88
airplane,70,37,55.0,64.50223977622781,0.9999649722410826,29.0,2
airplane,70,38,47.0,62.83598749678468,0.9999620931059894,18.0,4
airplane,70,39,38.0,56.066784781595786,0.9998526514657434,50.0,29
airplane,70,40,41.0,56.209814091966884,0.9998365732638669,35.0,24
airplane,70,41,52.0,57.963015910755104,0.9999465967563552,45.0,10
airplane,70,42,41.0,59.60615557033876,0.9999614176045325,31.0,11
airplane,70,43,33.0,59.13744904405013,0.9999207784531968,21.0,19
airplane,70,44,34.0,64.63796784812055,0.9999736142274135,30.0,5
airplane,70,45,48.0,68.65758067417016,0.9999973674278471,30.0,1
airplane,70,46,65.0,inf,1.0,18.0,0
airplane,70,47,49.0,inf,1.0,18.0,0
airplane,70,48,52.0,inf,1.0,18.0,0
airplane,70,49,57.0,inf,1.0,18.0,0
airplane,70,50,59.0,inf,1.0,18.0,0
airplane,70,51,62.0,inf,1.0,18.0,0
airplane,70,52,62.0,inf,1.0,18.0,0
airplane,70,53,62.0,inf,1.0,18.0,0
airplane,70,54,37.0,67.78301942772534,0.9999880455798819,20.0,2
airplane,70,55,46.0,inf,1.0,18.0,0
airplane,70,56,68.0,inf,1.0,18.0,0
airplane,70,57,73.0,inf,1.0,18.0,0
airplane,70,58,67.0,inf,1.0,18.0,0
airplane,70,59,60.0,inf,1.0,18.0,0
airplane,70,60,72.0,inf,1.0,18.0,0
airplane,70,61,55.0,inf,1.0,18.0,0
airplane,70,62,61.0,inf,1.0,18.0,0
airplane,70,63,62.0,inf,1.0,18.0,0
airplane,70,64,59.0,inf,1.0,18.0,0
baboon,70,2,7.0,48.78389004485159,0.9984112242026164,286.0,3861
baboon,70,3,7.0,48.82521562143616,0.9983989168038131,269.0,3810
baboon,70,4,8.0,47.96668346731819,0.9978263392859699,268.0,3461
baboon,70,5,7.0,48.83572567058438,0.9981629520672274,328.0,3723
baboon,70,6,6.0,50.22861921134529,0.9985719741433192,274.0,3648
baboon,70,7,10.0,46.96024920085964,0.9970781738214197,325.0,3090
baboon,70,8,8.0,48.15019712442273,0.997705110292407,362.0,3462
baboon,70,9,8.0,48.18602314670281,0.9978087437964677,318.0,3418
baboon,70,10,8.0,48.230530235424624,0.9978037879450811,294.0,3372
baboon,70,11,11.0,46.20293223598015,0.9967938158143378,365.0,2999
baboon,70,12,10.0,46.898439039429356,0.9972426315308132,351.0,3120
baboon,70,13,10.0,46.972476413898356,0.9971670084652468,385.0,3142
baboon,70,14,11.0,46.237408235797446,0.9966842645579828,444.0,3024
baboon,70,15,14.0,45.406334435961504,0.9965689466492866,312.0,2363
baboon,70,16,24.0,43.75003755752229,0.9965619414362425,226.0,1222
baboon,70,17,16.0,44.73544492833866,0.9963638521510659,511.0,2113
baboon,70,18,14.0,45.03980629387358,0.9961666398727139,548.0,2572
baboon,70,19,13.0,45.282386152344415,0.9963687507338467,500.0,2801
baboon,70,20,13.0,45.266937077893054,0.9962896674920014,436.0,2805
baboon,70,21,14.0,45.13386893096519,0.9966029347116168,371.0,2509
baboon,70,22,29.0,41.3919546604651,0.9951955831080436,229.0,1459
baboon,70,23,22.0,42.702077323351645,0.9959949602485774,353.0,1851
baboon,70,24,22.0,42.43477984726237,0.9955092628279715,413.0,1949
baboon,70,25,17.0,43.95737649819346,0.995952221019316,521.0,2285
baboon,70,26,24.0,42.77991043947446,0.996075237997198,309.0,1534
baboon,70,27,35.0,42.510629139752,0.9968291103653655,191.0,775
baboon,70,28,31.0,44.58641029956041,0.9979802949318106,164.0,615
baboon,70,29,37.0,46.06441639868834,0.9988646317531973,128.0,305
baboon,70,30,36.0,44.77250538753309,0.9983397713243728,177.0,435
baboon,70,31,34.0,42.83828880981587,0.9972821438984613,338.0,761
baboon,70,32,31.0,42.06698077190847,0.9963590784912575,528.0,1091
baboon,70,33,34.0,41.06886907473686,0.9960211742852414,458.0,1146
baboon,70,34,33.0,40.697930698379295,0.9953890007868622,475.0,1316
baboon,70,35,38.0,40.58435763247659,0.9958268211095949,325.0,1025
baboon,70,36,43.0,40.34027696270731,0.9956663741933411,280.0,846
baboon,70,37,55.0,40.0618099071965,0.9964265729228985,137.0,553
baboon,70,38,47.0,40.11974205356133,0.9962310628814838,245.0,748
baboon,70,39,38.0,41.15608940963159,0.9965871935279792,344.0,898
baboon,70,40,41.0,41.693832390381935,0.9970985340326022,291.0,683
baboon,70,41,52.0,42.9473674326583,0.9981207551108658,151.0,319
baboon,70,42,41.0,44.9388074174488,0.9985905660653711,188.0,322
baboon,70,43,33.0,46.53116309601492,0.9989742725800647,179.0,345
baboon,70,44,34.0,46.7415157963804,0.9990868663239812,167.0,310
baboon,70,45,48.0,45.200517705160344,0.998964044761922,135.0,222
baboon,70,46,65.0,44.60780784927529,0.9990244710174389,93.0,139
baboon,70,47,49.0,42.20204639719421,0.9977715284073453,315.0,425
baboon,70,48,52.0,41.36039854357709,0.9974547494403931,349.0,460
baboon,70,49,57.0,40.884733396740806,0.9973032522317521,289.0,427
baboon,70,50,59.0,42.557011431309874,0.9982072527381859,152.0,271
baboon,70,51,62.0,43.38038266014344,0.9986452634112235,127.0,203
baboon,70,52,62.0,45.31588424771165,0.9991276891779841,95.0,130
baboon,70,53,62.0,47.20846122101356,0.9993811981382603,81.0,84
baboon,70,54,37.0,47.27611826418525,0.9992556724302851,171.0,231
baboon,70,55,46.0,48.795748303717744,0.9995562932142452,97.0,106
baboon,70,56,68.0,50.890587600346066,0.9997968184034448,41.0,30
baboon,70,57,73.0,48.82850214394473,0.9996321254185715,63.0,42
baboon,70,58,67.0,44.44548225623006,0.9989626266886379,140.0,136
baboon,70,59,60.0,47.014449262872986,0.9994689237314722,122.0,94
baboon,70,60,72.0,50.51095865789195,0.9997976435078224,51.0,29
baboon,70,61,55.0,51.16419299200504,0.9998026646490453,54.0,43
baboon,70,62,61.0,52.59264681141401,0.9998349215674369,60.0,25
baboon,70,63,62.0,51.69117268403774,0.9998355963010777,39.0,30
baboon,70,64,59.0,53.87099617672418,0.9998931137840631,31.0,20
boat,70,2,7.0,49.309509012511306,0.9969040057222686,247.0,3414
boat,70,3,7.0,49.15125743597261,0.9967557973415436,254.0,3549
boat,70,4,8.0,48.84079515033711,0.9963435859612149,236.0,2829
boat,70,5,7.0,49.695514454794036,0.9969276402141996,348.0,3043
boat,70,6,6.0,51.08324110174258,0.9977151690022746,267.0,2999
boat,70,7,10.0,48.237706793404314,0.9960878797586511,252.0,2308
boat,70,8,8.0,49.47311394128277,0.996888411301588,319.0,2546
boat,70,9,8.0,49.574693638422815,0.9969727248395431,342.0,2486
boat,70,10,8.0,49.79335360174495,0.9970582212282676,311.0,2357
boat,70,11,11.0,48.768205975562815,0.9967800856619426,223.0,1667
boat,70,12,10.0,49.17114739412719,0.9969613429600924,297.0,1850
boat,70,13,10.0,49.014968126007474,0.996775456307502,382.0,1963
boat,70,14,11.0,47.915412441531544,0.9958200790758257,442.0,2065
boat,70,15,14.0,46.85675185174781,0.9954299415558892,302.0,1690
boat,70,16,24.0,45.1100624239611,0.994807610267829,139.0,895
boat,70,17,16.0,46.94919202986731,0.9958696588858112,288.0,1269
boat,70,18,14.0,47.817548166863034,0.9964901325737883,331.0,1358
boat,70,19,13.0,48.53645980078534,0.9967774323526442,370.0,1326
boat,70,20,13.0,49.13394117954795,0.9973972179042315,297.0,1155
boat,70,21,14.0,50.47636220742555,0.9982388163377756,213.0,733
boat,70,22,29.0,56.797922716280425,0.9997654656765366,19.0,42
boat,70,23,22.0,52.653658828846716,0.9993272013315916,56.0,188
boat,70,24,22.0,49.53378994257349,0.9985266774423969,172.0,382
boat,70,25,17.0,48.62413705305195,0.9974793539201998,372.0,779
boat,70,26,24.0,46.59706577548772,0.9969438598817516,233.0,636
boat,70,27,35.0,44.570872594406545,0.9958361258054775,190.0,484
boat,70,28,31.0,44.72059703230056,0.9952927284494275,311.0,597
boat,70,29,37.0,45.457147073099804,0.9970050476007365,104.0,351
boat,70,30,36.0,46.190334922026835,0.9972002631828376,111.0,315
boat,70,31,34.0,47.4016193419567,0.9982406359666556,86.0,266
boat,70,32,31.0,48.96184448461212,0.9985417399000553,111.0,224
boat,70,33,34.0,52.13186099956188,0.9994258177420368,66.0,90
boat,70,34,33.0,55.21316710486141,0.9997754947221779,35.0,47
boat,70,35,38.0,65.95734597538299,0.9999807380137045,13.0,3
boat,70,36,43.0,inf,1.0,18.0,0
boat,70,37,55.0,inf,1.0,18.0,0
boat,70,38,47.0,65.89155762577451,0.9999755031759278,12.0,2
boat,70,39,38.0,57.70256837523607,0.9999197607178536,33.0,20
boat,70,40,41.0,54.37906709411316,0.999706806381804,31.0,37
boat,70,41,52.0,50.93368123678967,0.9994986275079412,53.0,51
boat,70,42,41.0,47.83857762192079,0.9985742858704613,194.0,166
boat,70,43,33.0,46.72603496593541,0.9974503890362884,254.0,330
boat,70,44,34.0,48.90353968630337,0.9986293200511545,115.0,189
boat,70,45,48.0,52.565194914619305,0.9997102750125799,24.0,41
boat,70,46,65.0,59.09504403845613,0.9999166443154407,2.0,5
boat,70,47,49.0,68.47446144012538,0.9999959788915281,16.0,1
boat,70,48,52.0,inf,1.0,18.0,0
boat,70,49,57.0,inf,1.0,18.0,0
boat,70,50,59.0,inf,1.0,18.0,0
boat,70,51,62.0,inf,1.0,18.0,0
boat,70,52,62.0,inf,1.0,18.0,0
boat,70,53,62.0,60.51236317229808,0.9999435562584967,22.0,4
boat,70,54,37.0,51.394929007327626,0.9993229027629794,109.0,90
boat,70,55,46.0,57.634059200510215,0.9998846017560166,30.0,14
boat,70,56,68.0,inf,1.0,18.0,0
boat,70,57,73.0,inf,1.0,18.0,0
boat,70,58,67.0,inf,1.0,18.0,0
boat,70,59,60.0,inf,1.0,18.0,0
boat,70,60,72.0,inf,1.0,18.0,0
boat,70,61,55.0,64.51879531642831,0.9999902711918168,19.0,2
boat,70,62,61.0,66.6177838341581,0.9999947945478923,17.0,1
boat,70,63,62.0,inf,1.0,18.0,0
boat,70,64,59.0,inf,1.0,18.0,0
lake,70,2,7.0,49.16370162290229,0.9968858245135485,223.0,3532
lake,70,3,7.0,49.30575087114724,0.9970782243929542,270.0,3416
lake,70,4,8.0,48.66874227060692,0.9962077806718419,259.0,2948
lake,70,5,7.0,49.64326499606923,0.9969923615394545,324.0,3094
lake,70,6,6.0,50.92185158930206,0.9976451662227716,306.0,3109
lake,70,7,10.0,48.11681047741931,0.9963242036954331,261.0,2365
lake,70,8,8.0,49.34350133911102,0.9970436756025751,313.0,2622
lake,70,9,8.0,49.34330421179201,0.9969687165108155,334.0,2622
lake,70,10,8.0,49.159899530676505,0.9963252752070758,416.0,2719
lake,70,11,11.0,47.67276816434328,0.9957850904774643,307.0,2139
lake,70,12,10.0,48.49432079057324,0.9966952496336122,326.0,2162
lake,70,13,10.0,48.536223349576716,0.9968186641593783,326.0,2195
lake,70,14,11.0,47.843598941268326,0.9962503892456845,355.0,2098
lake,70,15,14.0,46.927802231952626,0.9959373212383407,254.0,1664
lake,70,16,24.0,45.70078287771604,0.9962133871127826,145.0,777
lake,70,17,16.0,46.79171093936651,0.996351697545939,329.0,1310
lake,70,18,14.0,47.19917358564941,0.9964307735849565,403.0,1567
lake,70,19,13.0,47.42041449899136,0.9963375349305104,410.0,1712
lake,70,20,13.0,47.52716294112156,0.9964815293488147,366.0,1665
lake,70,21,14.0,47.46654561371355,0.996530255716721,320.0,1464
lake,70,22,29.0,45.93611511437081,0.997221336001958,107.0,512
lake,70,23,22.0,46.760651700167834,0.9971266908291297,212.0,728
lake,70,24,22.0,46.19786557001387,0.9969479011676202,284.0,819
lake,70,25,17.0,46.89194491046568,0.9966891392885301,417.0,1162
lake,70,26,24.0,46.54954197171059,0.9973752064153012,190.0,643
lake,70,27,35.0,47.89980124643566,0.9985103358854144,81.0,225
lake,70,28,31.0,47.734192137262696,0.9978859207027188,167.0,297
lake,70,29,37.0,51.48633963206922,0.999435514753795,42.0,87
lake,70,30,36.0,52.48345903232274,0.9995504520543355,53.0,74
lake,70,31,34.0,49.707454777665575,0.9990734112985824,119.0,157
lake,70,32,31.0,47.45138796842012,0.9984151622537196,238.0,316
lake,70,33,34.0,47.525145004799434,0.9985127965612853,178.0,259
lake,70,34,33.0,47.11688648045624,0.9984209916788626,191.0,301
lake,70,35,38.0,48.61445952874692,0.9988760825698617,99.0,161
lake,70,36,43.0,48.512299315729834,0.9987142754170321,131.0,129
lake,70,37,55.0,54.92974471627239,0.9998617212461117,39.0,18
lake,70,38,47.0,52.834812828386674,0.9996898747192615,42.0,40
lake,70,39,38.0,50.428436178378035,0.9993565299664962,83.0,106
lake,70,40,41.0,51.165458981850634,0.9994809659970393,64.0,77
lake,70,41,52.0,57.17683894405289,0.9998929414925096,26.0,12
lake,70,42,41.0,56.80524208233251,0.9998888151715869,37.0,21
lake,70,43,33.0,56.34473794985877,0.9996732914173154,54.0,36
lake,70,44,34.0,60.26442995431297,0.999920636865152,19.0,14
lake,70,45,48.0,61.68850333004443,0.9999634930102823,34.0,5
lake,70,46,65.0,66.0425442622684,0.9999874235512192,21.0,1
lake,70,47,49.0,56.761388918105744,0.9999015035906325,37.0,15
lake,70,48,52.0,60.97666438301615,0.9999711330468503,25.0,5
lake,70,49,57.0,61.16076334787352,0.9999741168325482,20.0,4
lake,70,50,59.0,66.89168335443595,0.9999947394982192,17.0,1
lake,70,51,62.0,66.44808013376195,0.9999857019951913,28.0,1
lake,70,52,62.0,66.42564751767227,0.999994310459773,16.0,1
lake,70,53,62.0,inf,1.0,18.0,0
lake,70,54,37.0,63.11340388186623,0.9999674140352497,21.0,6
lake,70,55,46.0,inf,1.0,18.0,0
lake,70,56,68.0,inf,1.0,18.0,0
lake,70,57,73.0,inf,1.0,18.0,0
lake,70,58,67.0,inf,1.0,18.0,0
lake,70,59,60.0,inf,1.0,18.0,0
lake,70,60,72.0,inf,1.0,18.0,0
lake,70,61,55.0,inf,1.0,18.0,0
lake,70,62,61.0,inf,1.0,18.0,0
lake,70,63,62.0,inf,1.0,18.0,0
lake,70,64,59.0,inf,1.0,18.0,0
peppers,70,2,7.0,49.10846904529553,0.9951948004192719,257.0,3582
peppers,70,3,7.0,49.21870913660875,0.9953441171259921,312.0,3486
peppers,70,4,8.0,49.40029457161571,0.9952727905779343,285.0,2473
peppers,70,5,7.0,49.98101302144146,0.9958611619566833,387.0,2858
peppers,70,6,6.0,51.38181086136119,0.9968425408282922,376.0,2803
peppers,70,7,10.0,49.229918502205194,0.9953508082560026,269.0,1830
peppers,70,8,8.0,50.28073403985101,0.9961506612794099,367.0,2112
peppers,70,9,8.0,50.66732325271617,0.9966257533745879,348.0,1936
peppers,70,10,8.0,50.59388177886737,0.9962736141339646,439.0,1959
peppers,70,11,11.0,50.31084406632541,0.9966036241588819,238.0,1170
peppers,70,12,10.0,50.63871822034904,0.9968056451124505,320.0,1317
peppers,70,13,10.0,50.34342482127988,0.9966314343114808,373.0,1437
peppers,70,14,11.0,49.6927599994673,0.9960552333508284,373.0,1377
peppers,70,15,14.0,49.11592456812513,0.9961914576115225,285.0,1006
peppers,70,16,24.0,49.358135623993036,0.9977581256222495,67.0,337
peppers,70,17,16.0,50.03001804957741,0.9975227571305129,204.0,622
peppers,70,18,14.0,50.37786359602392,0.9973743294446755,272.0,755
peppers,70,19,13.0,50.17975045237659,0.9969848890565285,388.0,910
peppers,70,20,13.0,50.34858430285249,0.9969999162942652,343.0,874
peppers,70,21,14.0,50.93453421623246,0.9975449392407247,219.0,656
peppers,70,22,29.0,50.74598934036953,0.9986310915325126,47.0,169
peppers,70,23,22.0,51.44826374665505,0.9986169657967562,111.0,249
peppers,70,24,22.0,50.874135908755264,0.9985574930079241,125.0,279
peppers,70,25,17.0,51.1330594480971,0.9981360560528775,211.0,438
peppers,70,26,24.0,51.13693068173102,0.9986840730728485,109.0,224
peppers,70,27,35.0,51.15540786742983,0.9988229936030708,70.0,107
peppers,70,28,31.0,50.65080647028371,0.9985791154900788,78.0,152
peppers,70,29,37.0,52.27539772757663,0.9992503585048417,26.0,73
peppers,70,30,36.0,53.86503630583492,0.9994414539461444,60.0,54
peppers,70,31,34.0,53.17292995459577,0.9994087912324735,48.0,71
peppers,70,32,31.0,52.75346174067793,0.9993116378523604,83.0,94
peppers,70,33,34.0,53.30734495742856,0.999484541989426,56.0,69
peppers,70,34,33.0,52.49751863705838,0.9993159563318493,87.0,88
peppers,70,35,38.0,54.27031107990267,0.9995663556698761,54.0,44
peppers,70,36,43.0,52.1293226405913,0.9993093641918078,71.0,56
peppers,70,37,55.0,59.67487485650313,0.9999457267198258,27.0,6
peppers,70,38,47.0,57.830530830714764,0.99987414542267,35.0,13
peppers,70,39,38.0,54.32459003004007,0.9996341999077937,52.0,44
peppers,70,40,41.0,55.93290795748794,0.999800559845687,44.0,26
peppers,70,41,52.0,57.57856036744437,0.999840563161223,31.0,11
peppers,70,42,41.0,57.76684002016722,0.999834539295699,46.0,17
peppers,70,43,33.0,56.424305238317125,0.9997373955982634,44.0,36
peppers,70,44,34.0,59.652474515949685,0.9999144787645019,30.0,16
peppers,70,45,48.0,60.296226632364665,0.9999510207588951,21.0,7
peppers,70,46,65.0,65.99872208423002,0.9999856749855668,19.0,1
peppers,70,47,49.0,60.11172217749254,0.9999542115682468,28.0,7
peppers,70,48,52.0,63.2179691316866,0.9999588262207457,24.0,3
peppers,70,49,57.0,64.17705862770968,0.9999789172331363,27.0,2
peppers,70,50,59.0,67.863275133936,0.9999909157266059,19.0,1
peppers,70,51,62.0,67.3248328828219,0.9999864208228713,22.0,1
peppers,70,52,62.0,inf,1.0,18.0,0
peppers,70,53,62.0,66.50923343107135,0.999989195352234,20.0,1
peppers,70,54,37.0,61.88651209426392,0.9999253154642347,34.0,8
peppers,70,55,46.0,66.0261866353258,0.9999598811696191,17.0,2
peppers,70,56,68.0,inf,1.0,18.0,0
peppers,70,57,73.0,inf,1.0,18.0,0
peppers,70,58,67.0,inf,1.0,18.0,0
peppers,70,59,60.0,inf,1.0,18.0,0
peppers,70,60,72.0,inf,1.0,18.0,0
peppers,70,61,55.0,67.55803869788254,0.9999924618575257,19.0,1
peppers,70,62,61.0,inf,1.0,18.0,0
peppers,70,63,62.0,inf,1.0,18.0,0
peppers,70,64,59.0,inf,1.0,18.0,0
splash,70,2,7.0,49.75776332767183,0.9951278781448165,256.0,3080
splash,70,3,7.0,49.88388706004409,0.9952185830075149,341.0,2987
splash,70,4,8.0,50.066109746673455,0.9944655183063866,306.0,2129
splash,70,5,7.0,50.892652362152226,0.9955550831889114,415.0,2315
splash,70,6,6.0,51.948197792461215,0.9964682766329134,377.0,2448
splash,70,7,10.0,50.49122888333418,0.9954253978598838,253.0,1371
splash,70,8,8.0,51.88128325356827,0.9962415577551283,373.0,1466
splash,70,9,8.0,51.41034251515045,0.9957889001421624,445.0,1625
splash,70,10,8.0,51.22271260618345,0.9954562569608135,411.0,1692
splash,70,11,11.0,50.8638035617491,0.9954710703479058,250.0,1030
splash,70,12,10.0,51.71685960929481,0.996199623693764,304.0,1027
splash,70,13,10.0,52.03993467526351,0.9964672766129974,330.0,975
splash,70,14,11.0,51.87602145721259,0.9964522558621004,281.0,835
splash,70,15,14.0,51.26447445928737,0.9971895474896348,178.0,614
splash,70,16,24.0,50.826199125345546,0.9980295129679374,40.0,240
splash,70,17,16.0,54.290038895356446,0.9985805746626352,133.0,232
splash,70,18,14.0,53.48447348776141,0.9980523016774869,210.0,369
splash,70,19,13.0,52.260880141156065,0.9970374406069543,314.0,561
splash,70,20,13.0,52.15561021759435,0.996920225735266,343.0,575
splash,70,21,14.0,53.61608707396563,0.998077469260417,192.0,355
splash,70,22,29.0,54.04192849220799,0.9990678460255924,33.0,79
splash,70,23,22.0,57.18882536748904,0.99941794145371,64.0,65
splash,70,24,22.0,55.734275702772926,0.999332062194882,73.0,91
splash,70,25,17.0,54.64019214769237,0.9986794437754993,140.0,196
splash,70,26,24.0,55.50017284088703,0.9993368543997146,55.0,82
splash,70,27,35.0,60.36412733316817,0.9998760782554331,14.0,13
splash,70,28,31.0,51.68715048137742,0.9981954944748205,71.0,120
splash,70,29,37.0,48.80618719702444,0.9979992867864926,113.0,163
splash,70,30,36.0,68.17482920635095,0.9999905357574183,13.0,2
splash,70,31,34.0,61.28364049464521,0.9998916706980253,24.0,11
splash,70,32,31.0,57.99356692565905,0.9997744090911157,46.0,28
splash,70,33,34.0,58.869137015528736,0.9998168592906492,50.0,19
splash,70,34,33.0,60.760109991406566,0.9998707440807639,39.0,13
splash,70,35,38.0,70.64598487029316,0.9999950993588245,15.0,1
splash,70,36,43.0,59.65600373966073,0.9998635608000055,26.0,10
splash,70,37,55.0,inf,1.0,18.0,0
splash,70,38,47.0,inf,1.0,18.0,0
splash,70,39,38.0,70.69952870381836,0.9999956677204404,17.0,1
splash,70,40,41.0,65.25073180179214,0.9999732704848386,32.0,3
splash,70,41,52.0,inf,1.0,18.0,0
splash,70,42,41.0,inf,1.0,18.0,0
splash,70,43,33.0,inf,1.0,18.0,0
splash,70,44,34.0,inf,1.0,18.0,0
splash,70,45,48.0,inf,1.0,18.0,0
splash,70,46,65.0,inf,1.0,18.0,0
splash,70,47,49.0,inf,1.0,18.0,0
splash,70,48,52.0,inf,1.0,18.0,0
splash,70,49,57.0,inf,1.0,18.0,0
splash,70,50,59.0,inf,1.0,18.0,0
splash,70,51,62.0,inf,1.0,18.0,0
splash,70,52,62.0,inf,1.0,18.0,0
splash,70,53,62.0,inf,1.0,18.0,0
splash,70,54,37.0,inf,1.0,18.0,0
splash,70,55,46.0,inf,1.0,18.0,0
splash,70,56,68.0,inf,1.0,18.0,0
splash,70,57,73.0,inf,1.0,18.0,0
splash,70,58,67.0,inf,1.0,18.0,0
splash,70,59,60.0,inf,1.0,18.0,0
splash,70,60,72.0,inf,1.0,18.0,0
splash,70,61,55.0,inf,1.0,18.0,0
splash,70,62,61.0,inf,1.0,18.0,0
splash,70,63,62.0,inf,1.0,18.0,0
splash,70,64,59.0,inf,1.0,18.0,0
airplane,80,2,4.0,52.5289210568108,0.9976439339349163,178.0,3273
airplane,80,3,5.0,51.339049663437635,0.9970654659681017,289.0,3464
airplane,80,4,6.0,51.51210275663935,0.9971933694753209,230.0,2718
airplane,80,5,5.0,52.24401830365064,0.9975050107355333,333.0,2951
airplane,80,6,4.0,53.13270112584532,0.9978602627642617,278.0,2794
airplane,80,7,6.0,52.450455928059576,0.997822003587504,247.0,2170
airplane,80,8,6.0,52.01004371239934,0.9975979158091984,306.0,2229
airplane,80,9,5.0,52.589546905534604,0.9976059433664672,456.0,2635
airplane,80,10,6.0,52.25886526131089,0.9977284665880585,262.0,2258
airplane,80,11,7.0,52.13102858723513,0.9979942038099383,258.0,1863
airplane,80,12,7.0,51.64497329447101,0.9975894354368808,365.0,1954
airplane,80,13,6.0,52.301548426717936,0.9978651742749015,351.0,2003
airplane,80,14,8.0,51.45278251463743,0.9977331109214647,271.0,1636
airplane,80,15,10.0,50.73538363188498,0.9978492145375227,190.0,1287
airplane,80,16,16.0,49.910835144427736,0.9984705518870873,120.0,645
airplane,80,17,10.0,51.24474783543889,0.9982855927661541,284.0,1147
airplane,80,18,10.0,50.7462313680568,0.9979912360216839,311.0,1294
airplane,80,19,9.0,51.16985950049348,0.9979335102228035,379.0,1417
airplane,80,20,9.0,51.235696817120264,0.9979823874835186,314.0,1369
airplane,80,21,10.0,51.38177583916605,0.998428852230722,201.0,1116
airplane,80,22,20.0,50.015214928015425,0.9984070320179818,120.0,409
airplane,80,23,14.0,51.5359507351687,0.9989152257492955,164.0,577
airplane,80,24,15.0,50.00760253661114,0.9984557732096748,242.0,730
airplane,80,25,12.0,50.79279948547169,0.9984767815989153,268.0,908
airplane,80,26,16.0,49.81712952883654,0.9984528983844188,171.0,671
airplane,80,27,23.0,49.698936210834745,0.9987701568273457,82.0,338
airplane,80,28,20.0,51.07765376492718,0.999013614174986,101.0,323
airplane,80,29,24.0,53.881196581704444,0.9994632676164605,57.0,119
airplane,80,30,24.0,52.70560064116923,0.9994970505694609,76.0,156
airplane,80,31,23.0,50.77409400612598,0.9991730419959459,150.0,266
airplane,80,32,20.0,50.49485358160044,0.9989844063900768,199.0,371
airplane,80,33,22.0,50.48829138750632,0.9990267613236828,136.0,307
airplane,80,34,22.0,52.01705124024415,0.9993776878888552,103.0,218
airplane,80,35,26.0,53.61720029652006,0.999597183316585,65.0,108
airplane,80,36,29.0,51.77639598392407,0.9991070212007367,123.0,134
airplane,80,37,37.0,61.298044968278276,0.9999582065500047,16.0,9
airplane,80,38,31.0,56.28627560682227,0.999807221111703,32.0,41
airplane,80,39,26.0,54.62937792581724,0.9997524620775887,72.0,85
airplane,80,40,27.0,52.95730281045963,0.9995261938635759,101.0,116
airplane,80,41,35.0,54.517353196269276,0.9997545829547766,51.0,49
airplane,80,42,28.0,56.86585459064137,0.9998557201678148,41.0,44
airplane,80,43,22.0,57.18003209031697,0.9998466457456601,76.0,66
airplane,80,44,22.0,60.9534374715928,0.9999378007853115,20.0,28
airplane,80,45,32.0,61.07997278068297,0.9999496981487551,30.0,13
airplane,80,46,44.0,69.45838009040176,0.9999940914554043,12.0,1
airplane,80,47,32.0,63.70384664185532,0.9999697683869085,9.0,7
airplane,80,48,35.0,71.21367365466169,0.9999954033122135,12.0,1
airplane,80,49,38.0,62.220844062003536,0.999950545304822,45.0,7
airplane,80,50,39.0,65.69145779069262,0.9999835494838508,11.0,3
airplane,80,51,41.0,inf,1.0,18.0,0
airplane,80,52,42.0,inf,1.0,18.0,0
airplane,80,53,41.0,63.86646344672684,0.9999800450066318,33.0,4
airplane,80,54,25.0,63.57486503991599,0.9999802740614394,42.0,12
airplane,80,55,31.0,72.41281428031971,0.999995456691282,11.0,1
airplane,80,56,45.0,inf,1.0,18.0,0
airplane,80,57,48.0,inf,1.0,18.0,0
airplane,80,58,45.0,inf,1.0,18.0,0
airplane,80,59,40.0,inf,1.0,18.0,0
airplane,80,60,48.0,inf,1.0,18.0,0
airplane,80,61,37.0,inf,1.0,18.0,0
airplane,80,62,40.0,inf,1.0,18.0,0
airplane,80,63,41.0,inf,1.0,18.0,0
airplane,80,64,40.0,inf,1.0,18.0,0
baboon,80,2,4.0,51.77536056614221,0.9990960868831527,139.0,3921
baboon,80,3,5.0,50.82758609130182,0.9989281561436143,210.0,3883
baboon,80,4,6.0,50.28299050350828,0.9986966393910363,193.0,3594
baboon,80,5,5.0,51.07073673955462,0.9988789222869896,288.0,3829
baboon,80,6,4.0,51.816351674030415,0.9989790197035696,189.0,3786
baboon,80,7,6.0,50.45110330959403,0.9986057850564687,250.0,3433
baboon,80,8,6.0,49.89949309035442,0.9984418049188618,264.0,3590
baboon,80,9,5.0,51.10145795897455,0.9987809999026117,280.0,3717
baboon,80,10,6.0,50.33499523249035,0.9986173908101507,259.0,3526
baboon,80,11,7.0,49.55146989526291,0.9983483640071071,317.0,3372
baboon,80,12,7.0,49.13918314240927,0.998180088781325,338.0,3455
baboon,80,13,6.0,49.92165636845463,0.9984409809942693,262.0,3484
baboon,80,14,8.0,48.55121797821555,0.9979976807728325,297.0,3199
baboon,80,15,10.0,47.41696941910223,0.9976389962439669,311.0,2756
baboon,80,16,16.0,45.33949021796714,0.9968920270581492,254.0,1848
baboon,80,17,10.0,47.55755956289943,0.9977300376069806,425.0,2693
baboon,80,18,10.0,47.215111261458745,0.9974000022140137,453.0,2925
baboon,80,19,9.0,47.71286336894339,0.9976332786634944,455.0,3152
baboon,80,20,9.0,47.61863047798766,0.9975895662900403,394.0,3153
baboon,80,21,10.0,47.29184968676934,0.9976303043761127,334.0,2857
baboon,80,22,20.0,43.43697058912964,0.9964066607431703,242.0,1868
baboon,80,23,14.0,45.37269593597649,0.9970538987049768,379.0,2379
baboon,80,24,15.0,44.75249700165881,0.996551390155145,414.0,2449
baboon,80,25,12.0,46.197186215303,0.9972533232373905,446.0,2609
baboon,80,26,16.0,44.904024807808234,0.9969355951178779,339.0,2079
baboon,80,27,23.0,43.789317315249825,0.9970993104813147,228.0,1323
baboon,80,28,20.0,45.70208013985996,0.998000598269668,239.0,1109
baboon,80,29,24.0,46.56224580708165,0.9987983017417899,159.0,641
baboon,80,30,24.0,45.3289268244145,0.9981406672943678,290.0,850
baboon,80,31,23.0,43.9054000199712,0.9973104161303671,444.0,1289
baboon,80,32,20.0,44.110077194149525,0.9970129171888991,552.0,1617
baboon,80,33,22.0,43.03113822469787,0.9964224420728144,461.0,1718
baboon,80,34,22.0,42.996125184540794,0.9965165001204835,397.0,1741
baboon,80,35,26.0,42.437257605212785,0.9965212517855656,290.0,1416
baboon,80,36,29.0,41.99713978348107,0.9964545311050519,277.0,1271
baboon,80,37,37.0,41.177942058557335,0.996638925309768,191.0,942
baboon,80,38,31.0,41.7227501352653,0.9966183383051421,338.0,1178
baboon,80,39,26.0,42.80418320032041,0.9970209021260031,372.0,1304
baboon,80,40,27.0,43.03422673873584,0.9972554450595622,329.0,1138
baboon,80,41,35.0,43.14142081638348,0.9976871964310189,212.0,670
baboon,80,42,28.0,45.299910000853174,0.9984187825945243,256.0,634
baboon,80,43,22.0,47.09366502461762,0.9989763413385248,264.0,671
baboon,80,44,22.0,47.16105409997685,0.9990104534908666,237.0,668
baboon,80,45,32.0,45.14032153823728,0.9986261343503416,154.0,505
baboon,80,46,44.0,44.04678405494906,0.9985676315797465,147.0,344
baboon,80,47,32.0,43.111171150136215,0.9976848423091117,441.0,805
baboon,80,48,35.0,42.09919231505663,0.9972797495163316,391.0,850
baboon,80,49,38.0,42.05013893020892,0.9975472566728082,278.0,731
baboon,80,50,39.0,42.6517676160691,0.9979273996397772,220.0,605
baboon,80,51,41.0,42.66700988532929,0.9978899054863777,188.0,545
baboon,80,52,42.0,44.50512166002275,0.9986599399806065,150.0,341
baboon,80,53,41.0,45.5851363174194,0.998983980797905,133.0,278
baboon,80,54,25.0,47.00494053878937,0.9990515703163462,327.0,540
baboon,80,55,31.0,47.32182028752937,0.9992752675287685,163.0,325
baboon,80,56,45.0,46.09975672761543,0.9991080103512051,103.0,206
baboon,80,57,48.0,45.57267187219945,0.9990078345293536,132.0,204
baboon,80,58,45.0,43.91962521227626,0.99862173654322,245.0,339
baboon,80,59,40.0,45.40170106502764,0.9990596008011614,180.0,305
baboon,80,60,48.0,46.97253985706419,0.9991741549489509,111.0,148
baboon,80,61,37.0,48.34918909487137,0.9995252958058882,120.0,181
baboon,80,62,40.0,49.417683362637106,0.9995677774497526,68.0,121
baboon,80,63,41.0,47.83541902637391,0.9994607062686585,104.0,166
baboon,80,64,40.0,50.466592757128765,0.999752720218899,78.0,95
boat,80,2,4.0,52.109193224758144,0.9981477992282103,210.0,3616
boat,80,3,5.0,51.05303763290245,0.9977781972754519,258.0,3703
boat,80,4,6.0,51.02143079456398,0.9977325267933551,248.0,3045
boat,80,5,5.0,51.68613612136162,0.9979603891875531,368.0,3332
boat,80,6,4.0,52.48382012441125,0.998221673033044,251.0,3262
boat,80,7,6.0,51.27372235829128,0.9977268751294366,306.0,2836
boat,80,8,6.0,50.9566754193306,0.9976536268251871,309.0,2815
boat,80,9,5.0,51.95326817846838,0.997984079182614,420.0,3054
boat,80,10,6.0,51.57766351142594,0.9979194781103123,288.0,2647
boat,80,11,7.0,51.44062456481399,0.9979744130536036,301.0,2183
boat,80,12,7.0,50.77381997352247,0.9975716835128597,377.0,2380
boat,80,13,6.0,51.214987855407614,0.9977103969897068,411.0,2573
boat,80,14,8.0,49.94906719453935,0.9971871265209065,378.0,2316
boat,80,15,10.0,48.623357603429326,0.9964233333990701,327.0,2097
boat,80,16,16.0,46.752417871673096,0.9955761132134716,213.0,1333
boat,80,17,10.0,49.19345580827632,0.9968785411122071,419.0,1844
boat,80,18,10.0,49.428034016253186,0.9972369849037296,386.0,1758
boat,80,19,9.0,50.06323926717065,0.9973597100381592,435.0,1830
boat,80,20,9.0,50.4768171357507,0.9977552503353078,387.0,1633
boat,80,21,10.0,51.66597329616487,0.9985526272960158,221.0,1046
boat,80,22,20.0,55.443678599157735,0.9996300720202571,51.0,117
boat,80,23,14.0,52.25852239611821,0.9990283162239417,194.0,487
boat,80,24,15.0,49.92646333633527,0.9981535846156117,302.0,746
boat,80,25,12.0,50.06686000446337,0.9979281790675151,434.0,1072
boat,80,26,16.0,48.05354703168426,0.9971392971540632,351.0,1009
boat,80,27,23.0,45.899062859204065,0.9957807624089823,293.0,815
boat,80,28,20.0,46.415880729199806,0.9955237068512857,376.0,943
boat,80,29,24.0,46.43286938553977,0.9959134061944097,244.0,660
boat,80,30,24.0,46.78406196398801,0.9966217792455472,202.0,607
boat,80,31,23.0,47.8290932634335,0.9976588446052235,204.0,523
boat,80,32,20.0,49.74308974003117,0.9984153052923579,188.0,443
boat,80,33,22.0,51.701451848171416,0.9991780017752094,107.0,233
boat,80,34,22.0,54.07136482579438,0.9996176680917483,90.0,135
boat,80,35,26.0,61.17777163882085,0.9999347203030181,24.0,19
boat,80,36,29.0,inf,1.0,18.0,0
boat,80,37,37.0,inf,1.0,18.0,0
boat,80,38,31.0,63.32182828533394,0.9999652360835333,21.0,8
boat,80,39,26.0,56.32305001671506,0.9998137627131343,70.0,58
boat,80,40,27.0,53.17642276963654,0.9994839192624781,116.0,110
boat,80,41,35.0,49.426426262484135,0.9988583814560263,146.0,158
boat,80,42,28.0,48.17506351412604,0.9980597717383202,308.0,327
boat,80,43,22.0,47.14226423391474,0.996134519071487,477.0,666
boat,80,44,22.0,48.12211462120909,0.9968653890107653,235.0,535
boat,80,45,32.0,50.627075601360744,0.9991936511674622,72.0,143
boat,80,46,44.0,56.69767885372618,0.9997833868676304,39.0,19
boat,80,47,32.0,60.782323034877635,0.9999266358535263,18.0,14
boat,80,48,35.0,66.69922750165578,0.9999930101559876,29.0,3
boat,80,49,38.0,inf,1.0,18.0,0
boat,80,50,39.0,70.51781354796385,0.9999939390892016,19.0,1
boat,80,51,41.0,inf,1.0,18.0,0
boat,80,52,42.0,62.14378198271926,0.9999653274159017,26.0,6
boat,80,53,41.0,55.110227699480355,0.9997249041343063,25.0,31
boat,80,54,25.0,49.14763371560845,0.9977720922131154,374.0,330
boat,80,55,31.0,52.33456883491965,0.9990918169200528,119.0,103
boat,80,56,45.0,64.54048478128162,0.9999848150673347,46.0,3
boat,80,57,48.0,inf,1.0,18.0,0
boat,80,58,45.0,inf,1.0,18.0,0
boat,80,59,40.0,inf,1.0,18.0,0
boat,80,60,48.0,inf,1.0,18.0,0
boat,80,61,37.0,58.348109102651904,0.9997709374053935,47.0,18
boat,80,62,40.0,67.251152504147,0.9999945833400092,35.0,2
boat,80,63,41.0,inf,1.0,18.0,0
boat,80,64,40.0,67.14028552107665,0.9999714213916949,12.0,2
lake,80,2,4.0,52.015754197534214,0.9980903969702352,191.0,3682
lake,80,3,5.0,51.16066349590633,0.9978726449051789,267.0,3605
lake,80,4,6.0,50.8285418144758,0.9975576686424892,237.0,3172
lake,80,5,5.0,51.72272740580332,0.9980158995222417,330.0,3306
lake,80,6,4.0,52.33906335001146,0.9981289724856119,273.0,3359
lake,80,7,6.0,51.3730990432796,0.9979507567903197,235.0,2783
lake,80,8,6.0,50.94643018890618,0.9978093178544882,316.0,2827
lake,80,9,5.0,51.77578237321771,0.9978967647244427,422.0,3178
lake,80,10,6.0,51.054628901281596,0.9974635125686981,359.0,2987
lake,80,11,7.0,50.6203107051808,0.9974316196348889,354.0,2641
lake,80,12,7.0,50.38303635144353,0.997519506934236,363.0,2608
lake,80,13,6.0,51.07207360716343,0.9978737880142876,302.0,2672
lake,80,14,8.0,49.977868679351374,0.9975642939273929,297.0,2294
lake,80,15,10.0,48.7941653305253,0.9970566886227774,312.0,2008
lake,80,16,16.0,47.10679769550674,0.9966882399832889,213.0,1228
lake,80,17,10.0,49.26901465776191,0.997576234288553,347.0,1811
lake,80,18,10.0,49.01886895666094,0.9973349145904984,385.0,1927
lake,80,19,9.0,49.36409560460142,0.9972438962755044,460.0,2151
lake,80,20,9.0,49.353325224295446,0.9972490858429035,422.0,2107
lake,80,21,10.0,49.151110752738134,0.9973193802095616,330.0,1869
lake,80,22,20.0,46.887264194290104,0.9970684235954389,178.0,844
lake,80,23,14.0,48.115291480295625,0.9971881491941068,330.0,1266
lake,80,24,15.0,47.37774816019637,0.9970022125210275,337.0,1333
lake,80,25,12.0,48.56124933418706,0.9973181901618643,390.0,1510
lake,80,26,16.0,47.852913039086474,0.9974217342021071,262.0,1055
lake,80,27,23.0,47.22732502711544,0.997407639432676,175.0,599
lake,80,28,20.0,47.89399286102967,0.9974224971614609,259.0,670
lake,80,29,24.0,50.753619699261854,0.9989456879210296,98.0,244
lake,80,30,24.0,50.375307304414235,0.9988773650860656,140.0,267
lake,80,31,23.0,48.44864561947225,0.9983026980715697,258.0,454
lake,80,32,20.0,48.01161436694299,0.9980849010308431,351.0,660
lake,80,33,22.0,47.63131165112031,0.9979398826618715,272.0,596
lake,80,34,22.0,47.70063233771054,0.9980214605192905,274.0,588
lake,80,35,26.0,47.84268413276454,0.9981795677731443,210.0,408
lake,80,36,29.0,47.989924720080374,0.9982235970774642,188.0,320
lake,80,37,37.0,50.790598250484294,0.9994060451468952,47.0,103
lake,80,38,31.0,49.88584715823122,0.9991796242025154,130.0,180
lake,80,39,26.0,49.214305767406955,0.9988680708052945,214.0,298
lake,80,40,27.0,49.27836920704348,0.9989178095415017,153.0,270
lake,80,41,35.0,51.66919007081874,0.9995120703804918,64.0,94
lake,80,42,28.0,52.449067568690715,0.9994278379319989,110.0,122
lake,80,43,22.0,52.25179913909376,0.9991018871224586,173.0,204
lake,80,44,22.0,54.87515143333865,0.9995220651854249,94.0,113
lake,80,45,32.0,55.427023758317624,0.9997626686505826,40.0,47
lake,80,46,44.0,58.26923373408799,0.9999140327105944,39.0,13
lake,80,47,32.0,52.519171556862354,0.9996092482274752,111.0,92
lake,80,48,35.0,52.87606704552943,0.9996674789682929,61.0,71
lake,80,49,38.0,55.01249894204429,0.9998212827049219,47.0,37
lake,80,50,39.0,57.47690819607331,0.9998768649737496,40.0,20
lake,80,51,41.0,58.56176157314455,0.9999275192028477,28.0,14
lake,80,52,42.0,60.36883994090878,0.9999409889545465,44.0,9
lake,80,53,41.0,61.59480719579832,0.9999638756388577,40.0,7
lake,80,54,25.0,55.714095846155026,0.999641222489751,85.0,73
lake,80,55,31.0,62.90009480665938,0.9999371871162718,46.0,9
lake,80,56,45.0,62.20981166082942,0.9999649770378028,16.0,5
lake,80,57,48.0,63.90761728777693,0.999965152724672,18.0,3
lake,80,58,45.0,69.2583913156459,0.9999963797241906,25.0,1
lake,80,59,40.0,60.23367089746887,0.9999373279898575,34.0,10
lake,80,60,48.0,53.462477531831865,0.9993734946893319,40.0,33
lake,80,61,37.0,63.93653264450917,0.9999720956433612,31.0,5
lake,80,62,40.0,65.45968098704049,0.9999795956857301,23.0,3
lake,80,63,41.0,57.474058868573756,0.9997057787806869,51.0,18
lake,80,64,40.0,inf,1.0,18.0,0
peppers,80,2,4.0,51.984137288784865,0.9971881063954706,204.0,3720
peppers,80,3,5.0,51.090603829478745,0.9967364644645815,310.0,3662
peppers,80,4,6.0,51.44634380442018,0.9969310564535765,283.0,2753
peppers,80,5,5.0,51.93636333372445,0.9972014469246533,379.0,3155
peppers,80,6,4.0,52.65769742359971,0.9974478082465165,316.0,3126
peppers,80,7,6.0,51.88324824474226,0.9970562104243789,333.0,2468
peppers,80,8,6.0,51.56745355273507,0.9969348158657787,368.0,2448
peppers,80,9,5.0,52.376596883628814,0.997263521594204,510.0,2778
peppers,80,10,6.0,52.14207102005565,0.9972309787126414,361.0,2319
peppers,80,11,7.0,52.0315070272071,0.9971827076995531,350.0,1910
peppers,80,12,7.0,51.501001558798905,0.996907900954042,436.0,2014
peppers,80,13,6.0,52.08104444801165,0.9972999997687141,422.0,2112
peppers,80,14,8.0,51.338876270929205,0.9970560569272076,375.0,1674
peppers,80,15,10.0,50.28922225478702,0.9964528518558099,330.0,1422
peppers,80,16,16.0,50.422619338388685,0.9977286421511852,124.0,574
peppers,80,17,10.0,51.32450877180662,0.9974360543779216,364.0,1130
peppers,80,18,10.0,51.247599251956956,0.9973140564383387,377.0,1152
peppers,80,19,9.0,51.06330994933173,0.9968771222126049,510.0,1451
peppers,80,20,9.0,51.21879791480791,0.9969658053476609,487.0,1380
peppers,80,21,10.0,51.7002080183638,0.9974784010317024,326.0,1038
peppers,80,22,20.0,51.943611599554835,0.9987238822206288,85.0,264
peppers,80,23,14.0,51.94612343580428,0.9981818959957962,207.0,523
peppers,80,24,15.0,50.99408637370871,0.99778581455445,241.0,584
peppers,80,25,12.0,51.935686915248034,0.9980034038292716,327.0,697
peppers,80,26,16.0,51.427686411856,0.9982888810998084,191.0,463
peppers,80,27,23.0,51.08579210072311,0.9984961046983154,115.0,247
peppers,80,28,20.0,51.99489269153809,0.9987770609112001,142.0,261
peppers,80,29,24.0,53.8975422244928,0.9993692373388813,53.0,119
peppers,80,30,24.0,53.108710215438634,0.9992184435041966,92.0,142
peppers,80,31,23.0,52.43940613949471,0.9990438079718054,107.0,181
peppers,80,32,20.0,52.4668811675216,0.9988952423727673,143.0,236
peppers,80,33,22.0,53.02947963131324,0.9991988031131512,128.0,173
peppers,80,34,22.0,52.51280520169877,0.9990454686452015,148.0,195
peppers,80,35,26.0,53.6376993606991,0.999272040811997,89.0,108
peppers,80,36,29.0,52.65445685795677,0.9992746778428173,112.0,109
peppers,80,37,37.0,56.76042210046617,0.9997983718176501,28.0,26
peppers,80,38,31.0,54.969164405185296,0.9996330277422897,52.0,56
peppers,80,39,26.0,54.1423342712758,0.9994915486583801,91.0,97
peppers,80,40,27.0,54.162816614988145,0.9994051580032937,70.0,88
peppers,80,41,35.0,56.38001974690036,0.999751827065529,51.0,32
peppers,80,42,28.0,55.93380692144822,0.9996773088500273,78.0,55
peppers,80,43,22.0,55.71438075708696,0.9995637739546097,98.0,93
peppers,80,44,22.0,57.16223365558986,0.9997255152280615,86.0,67
peppers,80,45,32.0,58.20910517903256,0.9997634226382407,43.0,25
peppers,80,46,44.0,60.42101896693195,0.999911434918058,28.0,8
peppers,80,47,32.0,58.25284524362516,0.9998600624111668,50.0,25
peppers,80,48,35.0,58.5966625567944,0.9998422663344464,51.0,19
peppers,80,49,38.0,60.31125461080925,0.9999144842996014,37.0,11
peppers,80,50,39.0,64.52818078806332,0.9999769637225395,31.0,4
peppers,80,51,41.0,60.58988166133279,0.9999418980520521,30.0,9
peppers,80,52,42.0,61.451892621632034,0.9999594884641003,36.0,7
peppers,80,53,41.0,59.26720642486707,0.9998934173593922,32.0,12
peppers,80,54,25.0,57.06173777168687,0.9996846198272035,60.0,54
peppers,80,55,31.0,60.140310678544765,0.9998426159412616,45.0,17
peppers,80,56,45.0,inf,1.0,18.0,0
peppers,80,57,48.0,63.99111370113335,0.9999823876569047,37.0,3
peppers,80,58,45.0,66.29126214012291,0.9999818637453953,37.0,2
peppers,80,59,40.0,68.06901945488005,0.9999891407641852,29.0,2
peppers,80,60,48.0,68.70648399093636,0.9999764026126431,31.0,1
peppers,80,61,37.0,67.84772572663763,0.9999825953708572,23.0,2
peppers,80,62,40.0,62.49439537223169,0.9998890759558415,43.0,6
peppers,80,63,41.0,62.23915168454791,0.999886293739985,28.0,6
peppers,80,64,40.0,62.52755298471915,0.9999035896458202,36.0,6
splash,80,2,4.0,52.401771141548465,0.996892211497231,201.0,3376
splash,80,3,5.0,51.572756807877546,0.9964507036390214,330.0,3292
splash,80,4,6.0,51.96975786066388,0.9963608896960043,233.0,2445
splash,80,5,5.0,52.5984824851853,0.9968639563089112,416.0,2713
splash,80,6,4.0,53.03178340433905,0.9970207358803502,330.0,2870
splash,80,7,6.0,52.56685094698219,0.996700763156974,251.0,2107
splash,80,8,6.0,52.765774791582906,0.9967817539311989,324.0,1861
splash,80,9,5.0,52.9446863637984,0.9967923626209227,482.0,2442
splash,80,10,6.0,52.72841455528925,0.9966517158220367,328.0,2036
splash,80,11,7.0,52.58691141298143,0.9965161262451817,340.0,1677
splash,80,12,7.0,52.11997264885164,0.9961387576389596,421.0,1744
splash,80,13,6.0,53.06473275226463,0.9968644367171933,381.0,1685
splash,80,14,8.0,53.214229128535706,0.997168855865579,269.0,1100
splash,80,15,10.0,52.141695533090356,0.9970897889039878,225.0,930
splash,80,16,16.0,52.24465905444763,0.9982439590715658,62.0,374
splash,80,17,10.0,54.15266279800949,0.9979221106705461,241.0,588
splash,80,18,10.0,53.51481513877629,0.9975705161581901,277.0,681
splash,80,19,9.0,52.508899062836264,0.9966246090124515,468.0,1041
splash,80,20,9.0,52.47547754069588,0.9966307534617377,479.0,1035
splash,80,21,10.0,53.71677814049052,0.9977138701940466,212.0,652
splash,80,22,20.0,56.30527673325674,0.9993411874391095,35.0,97
splash,80,23,14.0,56.1029856791603,0.9989149305350026,97.0,200
splash,80,24,15.0,54.11031350630645,0.9982611296724797,133.0,284
splash,80,25,12.0,54.719297798784865,0.9983813896117226,205.0,367
splash,80,26,16.0,55.633089295226476,0.999073932192074,66.0,177
splash,80,27,23.0,58.21923804601619,0.9996508347397243,31.0,48
splash,80,28,20.0,53.650848463382246,0.9988179817408804,81.0,177
splash,80,29,24.0,51.95862446043617,0.9988334921542203,72.0,185
splash,80,30,24.0,65.03672573274775,0.9999395106494532,9.0,9
splash,80,31,23.0,58.53349599723214,0.9997408875332229,48.0,44
splash,80,32,20.0,57.95982924676868,0.9996215100351261,63.0,67
splash,80,33,22.0,57.95839601046977,0.9996145574916433,30.0,55
splash,80,34,22.0,59.69406577343155,0.9997401929880736,25.0,37
splash,80,35,26.0,63.96754702919534,0.9999044099707936,18.0,10
splash,80,36,29.0,57.115955234366645,0.9996527124537671,63.0,39
splash,80,37,37.0,inf,1.0,18.0,0
splash,80,38,31.0,67.67876561572513,0.9999776126040917,37.0,3
splash,80,39,26.0,62.800884922772234,0.9998941221504798,7.0,13
splash,80,40,27.0,61.09338855609649,0.9998719502623022,34.0,18
splash,80,41,35.0,62.95156808814825,0.9999432025990337,5.0,7
splash,80,42,28.0,64.80110232549531,0.9999334341829629,3.0,7
splash,80,43,22.0,70.3877416763073,0.9999848779253198,2.0,3
splash,80,44,22.0,70.60479131791189,0.9999682139944861,28.0,3
splash,80,45,32.0,67.41240362816393,0.9999670617663708,31.0,3
splash,80,46,44.0,inf,1.0,18.0,0
splash,80,47,32.0,69.1754229104036,0.9999782486280155,17.0,2
splash,80,48,35.0,inf,1.0,18.0,0
splash,80,49,38.0,inf,1.0,18.0,0
splash,80,50,39.0,inf,1.0,18.0,0
splash,80,51,41.0,inf,1.0,18.0,0
splash,80,52,42.0,inf,1.0,18.0,0
splash,80,53,41.0,inf,1.0,18.0,0
splash,80,54,25.0,inf,1.0,18.0,0
splash,80,55,31.0,inf,1.0,18.0,0
splash,80,56,45.0,inf,1.0,18.0,0
splash,80,57,48.0,inf,1.0,18.0,0
splash,80,58,45.0,inf,1.0,18.0,0
splash,80,59,40.0,inf,1.0,18.0,0
splash,80,60,48.0,inf,1.0,18.0,0
splash,80,61,37.0,inf,1.0,18.0,0
splash,80,62,40.0,inf,1.0,18.0,0
splash,80,63,41.0,inf,1.0,18.0,0
splash,80,64,40.0,inf,1.0,18.0,0
airplane,90,2,2.0,55.13392709464431,0.998476076868214,114.0,3608
airplane,90,3,2.0,55.03298972627728,0.9984267523032716,120.0,3688
airplane,90,4,3.0,53.558936112382945,0.9978075330142491,285.0,3397
airplane,90,5,2.0,55.87398402254183,0.9986987417367428,148.0,3354
airplane,90,6,2.0,55.427201547482284,0.9985438789787305,148.0,3290
airplane,90,7,3.0,53.9950113265645,0.9979753896877739,343.0,3109
airplane,90,8,3.0,54.30436176868284,0.9981383896453462,352.0,3169
airplane,90,9,3.0,54.33819725112389,0.9981632880769867,345.0,3128
airplane,90,10,3.0,54.030119376501986,0.9980282867414555,316.0,3091
airplane,90,11,4.0,53.75937616081333,0.9983404990083363,234.0,2244
airplane,90,12,3.0,54.671377856440714,0.9983088617798579,420.0,2939
airplane,90,13,3.0,54.485603966862584,0.9982510429868673,424.0,2971
airplane,90,14,4.0,54.47131372061377,0.9984636449089606,252.0,2318
airplane,90,15,5.0,52.82987291122947,0.9978427613526281,317.0,2218
airplane,90,16,8.0,52.7538940298189,0.9987018179253694,153.0,1198
airplane,90,17,5.0,53.69888781641984,0.9983292182628054,431.0,2027
airplane,90,18,5.0,53.49118513193193,0.998196898343766,431.0,2150
airplane,90,19,4.0,54.76882174558135,0.9986495717557641,342.0,2120
airplane,90,20,4.0,54.558278551407795,0.9986299113205866,334.0,2053
airplane,90,21,5.0,53.90492414394238,0.9985274764569,301.0,1910
airplane,90,22,10.0,52.72932196715658,0.9990083728719555,85.0,795
airplane,90,23,7.0,53.4176415817582,0.998685352710969,303.0,1289
airplane,90,24,7.0,52.91492446156863,0.9985569183431395,335.0,1430
airplane,90,25,6.0,53.75641030916698,0.9986794020380274,338.0,1528
airplane,90,26,8.0,52.63445652669043,0.9986064186605955,229.0,1181
airplane,90,27,12.0,51.939308971598095,0.9989059449874879,119.0,697
airplane,90,28,10.0,53.28834408416789,0.9991603474826322,138.0,700
airplane,90,29,12.0,55.40954709562243,0.9995918361184082,52.0,317
airplane,90,30,12.0,53.67512832230184,0.9993516860181486,145.0,469
airplane,90,31,11.0,52.340722695904425,0.9989496417541742,271.0,749
airplane,90,32,10.0,52.89612229797258,0.9990740880045136,230.0,787
airplane,90,33,11.0,52.00547263821604,0.9988408387265448,245.0,824
airplane,90,34,11.0,52.9169188795592,0.9991600551028471,163.0,658
airplane,90,35,13.0,53.32018623673449,0.9993536887467754,140.0,442
airplane,90,36,14.0,53.67453451276279,0.9994317669997195,130.0,351
airplane,90,37,18.0,57.592295551929425,0.9998515504197404,14.0,88
airplane,90,38,16.0,55.094389861546645,0.9996925742599095,81.0,195
airplane,90,39,13.0,53.59790582368687,0.9994212305031707,218.0,410
airplane,90,40,14.0,53.483336948233564,0.999404670933382,178.0,369
airplane,90,41,17.0,53.10017033414297,0.9994170636395128,90.0,278
airplane,90,42,14.0,54.88024294894589,0.9995877884245068,143.0,269
airplane,90,43,11.0,55.4850116849029,0.9995230210866087,219.0,363
airplane,90,44,11.0,56.83108026478536,0.999720080346114,119.0,264
airplane,90,45,16.0,56.816244312889204,0.9997882755217637,50.0,133
airplane,90,46,22.0,56.561668602522246,0.9998216735293104,43.0,76
airplane,90,47,16.0,56.047258505402446,0.9997347138834648,98.0,157
airplane,90,48,17.0,56.964907953845064,0.9998087609041815,89.0,114
airplane,90,49,19.0,59.222243569498154,0.9999071822935042,75.0,55
airplane,90,50,20.0,63.868946548463455,0.9999777411210021,-16.0,17
airplane,90,51,21.0,62.671720749029106,0.9999572043526003,44.0,20
airplane,90,52,21.0,60.56427494432968,0.9999156295202816,42.0,33
airplane,90,53,21.0,61.58745686008583,0.9999468645144036,47.0,26
airplane,90,54,12.0,60.323314547371666,0.9999109450948814,95.0,101
airplane,90,55,15.0,61.95750469124019,0.9999475375112074,32.0,45
airplane,90,56,23.0,65.54926673194706,0.999969087794706,5.0,9
airplane,90,57,24.0,74.53469032435927,0.9999977551932145,19.0,1
airplane,90,58,22.0,68.42986313467782,0.9999911444024587,13.0,5
airplane,90,59,20.0,73.09414005380556,0.999993365897351,27.0,2
airplane,90,60,24.0,inf,1.0,18.0,0
airplane,90,61,18.0,71.23393626444643,0.9999944526967135,29.0,4
airplane,90,62,20.0,inf,1.0,18.0,0
airplane,90,63,21.0,75.7648184800819,0.9999938698486565,27.0,1
airplane,90,64,20.0,inf,1.0,18.0,0
baboon,90,2,2.0,54.68791729630481,0.9994977002216461,90.0,3986
baboon,90,3,2.0,54.70971663238216,0.9994984282848536,113.0,3969
baboon,90,4,3.0,52.973996668991525,0.9992500294772284,256.0,3873
baboon,90,5,2.0,55.147658882668296,0.9995301410138792,138.0,3952
baboon,90,6,2.0,54.69339441869393,0.9994712647919749,96.0,3918
baboon,90,7,3.0,53.12782950493623,0.9992261557887792,268.0,3823
baboon,90,8,3.0,53.41210442913674,0.9992927392513049,267.0,3877
baboon,90,9,3.0,53.40305883437429,0.9992944690993926,232.0,3857
baboon,90,10,3.0,53.05494008092333,0.9992156309698325,259.0,3878
baboon,90,11,4.0,51.7553526897317,0.9990141682635204,207.0,3570
baboon,90,12,3.0,53.54744568802146,0.9993117703302494,301.0,3831
baboon,90,13,3.0,53.3432866237184,0.9992644931515156,262.0,3839
baboon,90,14,4.0,52.56712701377942,0.99916512731883,246.0,3592
baboon,90,15,5.0,50.89033739287977,0.9987732796466223,339.0,3479
baboon,90,16,8.0,49.07251388881648,0.998306106007625,318.0,2774
baboon,90,17,5.0,51.36880205492079,0.9988853955831601,432.0,3436
baboon,90,18,5.0,51.30357937525701,0.9988804980721518,355.0,3544
baboon,90,19,4.0,52.526777935121274,0.9991655085996177,274.0,3552
baboon,90,20,4.0,52.18778841683587,0.9990960905715675,261.0,3561
baboon,90,21,5.0,51.29811367543178,0.9989033387045014,322.0,3484
baboon,90,22,10.0,47.5163059693966,0.9979462833290955,296.0,2640
baboon,90,23,7.0,49.47943732570217,0.9984228073781151,438.0,3216
baboon,90,24,7.0,49.38505335483718,0.9984358970360773,374.0,3223
baboon,90,25,6.0,50.484843079021914,0.9987535507565996,302.0,3256
baboon,90,26,8.0,48.7349309358181,0.998296074900886,341.0,2897
baboon,90,27,12.0,47.04321706169079,0.9979601304829444,330.0,2152
baboon,90,28,10.0,48.5261225438816,0.9985175815927374,368.0,2094
baboon,90,29,12.0,48.754739112813674,0.9988970670529006,285.0,1473
baboon,90,30,12.0,47.86932332694738,0.9985051594891602,421.0,1788
baboon,90,31,11.0,47.376257948013844,0.998005447457588,589.0,2361
baboon,90,32,10.0,47.78014547172566,0.9980789669102726,491.0,2561
baboon,90,33,11.0,46.879122316292154,0.9976863029037751,472.0,2669
baboon,90,34,11.0,46.84664495863527,0.9977181271542324,445.0,2666
baboon,90,35,13.0,46.12559316689452,0.9975068827608593,376.0,2308
baboon,90,36,14.0,45.917395216225366,0.9977037121146521,325.0,2093
baboon,90,37,18.0,44.80747942823642,0.997749031824186,271.0,1678
baboon,90,38,16.0,45.14450088927228,0.99755686009574,383.0,1921
baboon,90,39,13.0,46.2156194923552,0.9977219174722608,495.0,2250
baboon,90,40,14.0,46.317361195550895,0.9980005046981392,373.0,1912
baboon,90,41,17.0,45.49767844335135,0.9978196536289425,347.0,1603
baboon,90,42,14.0,47.35306552321197,0.9984735699545841,392.0,1519
baboon,90,43,11.0,48.777867275977734,0.9987489997875948,431.0,1693
baboon,90,44,11.0,48.938915430593006,0.9988829030474823,431.0,1640
baboon,90,45,16.0,46.95280304911259,0.9985968676983361,314.0,1288
baboon,90,46,22.0,45.298848288053065,0.9983033242865851,295.0,1016
baboon,90,47,16.0,45.65066736500527,0.9979156354112072,529.0,1714
baboon,90,48,17.0,45.10993847144917,0.997771236724751,453.0,1748
baboon,90,49,19.0,44.82067924508789,0.9979522493755768,335.0,1506
baboon,90,50,20.0,45.26275811424486,0.9982980925098289,269.0,1235
baboon,90,51,21.0,44.55369604282022,0.997893686772417,354.0,1309
baboon,90,52,21.0,45.112641438611746,0.9980828992950966,322.0,1164
baboon,90,53,21.0,46.27315372473967,0.9986809542224614,241.0,877
baboon,90,54,12.0,49.00292207094238,0.9990757202259555,477.0,1371
baboon,90,55,15.0,48.400641903899384,0.9991385933541717,321.0,1031
baboon,90,56,23.0,45.839302850705856,0.998413256953928,289.0,825
baboon,90,57,24.0,45.10663437549108,0.9980576745333597,369.0,896
baboon,90,58,22.0,45.56919851589757,0.9986056518528288,303.0,954
baboon,90,59,20.0,46.57959771261551,0.9988158288668905,310.0,911
baboon,90,60,24.0,45.73211044708229,0.9982512029804771,312.0,782
baboon,90,61,18.0,48.19733012695659,0.9991349421381079,310.0,770
baboon,90,62,20.0,47.914104109582745,0.9990381692904713,296.0,673
baboon,90,63,21.0,47.389325150186615,0.9990212680706088,331.0,691
baboon,90,64,20.0,49.24640142187486,0.9994873090740899,209.0,495
boat,90,2,2.0,54.86912765928543,0.9989495350244323,118.0,3812
boat,90,3,2.0,54.8257227413016,0.9989394135679978,136.0,3864
boat,90,4,3.0,53.29617391468843,0.9984698025299329,294.0,3629
boat,90,5,2.0,55.51239438317665,0.9990850637222598,164.0,3638
boat,90,6,2.0,55.10601513725176,0.9989839621282286,150.0,3578
boat,90,7,3.0,53.51046761725614,0.998510795576827,306.0,3495
boat,90,8,3.0,53.830924866219746,0.9986426992517627,365.0,3515
boat,90,9,3.0,53.92330826813425,0.9986680244643451,332.0,3444
boat,90,10,3.0,53.607776223438705,0.9985408249808505,360.0,3403
boat,90,11,4.0,53.09653037012127,0.99854025412121,270.0,2607
boat,90,12,3.0,54.24484556240302,0.9987582057316565,418.0,3241
boat,90,13,3.0,53.92538371951261,0.9986445370064276,439.0,3359
boat,90,14,4.0,53.294160735272854,0.9985141166790604,296.0,3042
boat,90,15,5.0,51.559674978506074,0.997798468677329,385.0,2983
boat,90,16,8.0,50.16633458906714,0.9973499640186164,276.0,2157
boat,90,17,5.0,52.16675736964955,0.9980613215486751,534.0,2879
boat,90,18,5.0,52.4136136688827,0.9982370422983612,425.0,2761
boat,90,19,4.0,53.861501498378985,0.9987350022567405,318.0,2624
boat,90,20,4.0,53.76185934912166,0.9987497111298734,393.0,2475
boat,90,21,5.0,53.501728547734764,0.9987310852531733,370.0,2097
boat,90,22,10.0,54.71408966098907,0.999398713384744,112.0,505
boat,90,23,7.0,53.02779097411393,0.9987127192734709,453.0,1416
boat,90,24,7.0,52.03520992099442,0.9983524183119129,531.0,1758
boat,90,25,6.0,52.59019446421927,0.9984854529525882,485.0,1998
boat,90,26,8.0,50.60924489945296,0.9977041933408163,458.0,1880
boat,90,27,12.0,48.71238956699122,0.9968864770742519,322.0,1466
boat,90,28,10.0,49.13129128027688,0.996612010168116,519.0,1816
boat,90,29,12.0,48.49695154611824,0.9960259457502962,460.0,1562
boat,90,30,12.0,48.87528778669558,0.996590145424229,390.0,1420
boat,90,31,11.0,49.48267032372034,0.9970539278892278,410.0,1440
boat,90,32,10.0,51.248685998502054,0.9982577906605277,347.0,1149
boat,90,33,11.0,51.790533011501324,0.9986346859623924,290.0,861
boat,90,34,11.0,53.42088885275522,0.9991755799217111,201.0,587
boat,90,35,13.0,56.397546405547835,0.9997111544912212,130.0,216
boat,90,36,14.0,63.15534982975869,0.9999472110460494,35.0,39
boat,90,37,18.0,68.69326344855341,0.9999838440163893,28.0,7
boat,90,38,16.0,59.5956970783096,0.9998988293449668,79.0,69
boat,90,39,13.0,54.577241813595975,0.9994357329746518,229.0,326
boat,90,40,14.0,52.772860986660575,0.9991161329112886,307.0,434
boat,90,41,17.0,49.84710744716772,0.9979782979822356,384.0,589
boat,90,42,14.0,49.2178366170478,0.9970360352555421,662.0,990
boat,90,43,11.0,48.62883527083832,0.995892620456975,978.0,1747
boat,90,44,11.0,48.93560413398507,0.9960580860356406,626.0,1645
boat,90,45,16.0,49.81205160251372,0.9976247299534985,214.0,665
boat,90,46,22.0,53.683271699152584,0.9994417873529645,48.0,147
boat,90,47,16.0,56.00075054985262,0.9996455691919985,101.0,159
boat,90,48,17.0,59.947304891177104,0.999881492458887,63.0,57
boat,90,49,19.0,66.28909337862014,0.9999839233693577,57.0,11
boat,90,50,20.0,69.03444621381249,0.9999873757288427,38.0,5
boat,90,51,21.0,63.13485056653213,0.9999330326014694,47.0,18
boat,90,52,21.0,56.83329160275123,0.9996488219106218,75.0,78
boat,90,53,21.0,51.54172431098444,0.9986166063549089,253.0,262
boat,90,54,12.0,49.620559734747914,0.9967640817354457,1220.0,1187
boat,90,55,15.0,49.35475241255695,0.9966279236745986,612.0,827
boat,90,56,23.0,54.56089930032627,0.9992140477840158,45.0,111
boat,90,57,24.0,63.79995079666263,0.9999514240522931,49.0,12
boat,90,58,22.0,70.54372446563949,0.9999800640096398,40.0,3
boat,90,59,20.0,63.611578512306515,0.9999285088333362,40.0,18
boat,90,60,24.0,58.85149947340817,0.9996764014465376,8.0,38
boat,90,61,18.0,51.21428015943603,0.9978606168736255,286.0,384
boat,90,62,20.0,52.67318215495979,0.9984971293660865,133.0,225
boat,90,63,21.0,56.40522269810063,0.9994043560805249,29.0,87
boat,90,64,20.0,52.36208873328965,0.9983959211294545,217.0,240
lake,90,2,2.0,54.88471273410432,0.9989450496385682,111.0,3844
lake,90,3,2.0,54.952397182475465,0.9989801564176375,124.0,3781
lake,90,4,3.0,53.224655730111465,0.9984312041537604,262.0,3676
lake,90,5,2.0,55.55677050496704,0.999103574047053,131.0,3607
lake,90,6,2.0,55.05390393390349,0.9989783833600585,158.0,3617
lake,90,7,3.0,53.58346194282777,0.9985779847677183,277.0,3462
lake,90,8,3.0,53.88599407376121,0.9987201441303717,291.0,3470
lake,90,9,3.0,53.81912254327406,0.9986576560595785,297.0,3526
lake,90,10,3.0,53.404062970571516,0.9984331299595772,280.0,3581
lake,90,11,4.0,52.45529626251095,0.9983171059350193,214.0,3023
lake,90,12,3.0,54.11464817620712,0.9987538768622785,347.0,3354
lake,90,13,3.0,53.92777486250853,0.9987286706014533,344.0,3377
lake,90,14,4.0,53.463438942136456,0.9987552645604225,233.0,2915
lake,90,15,5.0,51.76142564432709,0.9981995567383243,317.0,2836
lake,90,16,8.0,50.549069806976064,0.9982114371310454,213.0,1978
lake,90,17,5.0,52.47426131343406,0.9985123751754584,424.0,2672
lake,90,18,5.0,52.41015071395652,0.9984971539038255,358.0,2748
lake,90,19,4.0,53.54842609532553,0.9987920893329668,287.0,2810
lake,90,20,4.0,53.2708325140868,0.998723487153035,305.0,2766
lake,90,21,5.0,52.349510323880644,0.9984281946430227,415.0,2741
lake,90,22,10.0,49.484366914689815,0.9977308726668818,235.0,1675
lake,90,23,7.0,50.98995631850116,0.9980975831903557,396.0,2264
lake,90,24,7.0,50.94842658822479,0.9981552823770246,383.0,2258
lake,90,25,6.0,52.0419320218861,0.9985727268011305,373.0,2273
lake,90,26,8.0,50.774794390235016,0.9983500455118192,255.0,1817
lake,90,27,12.0,49.249315416662725,0.9978898544974598,235.0,1296
lake,90,28,10.0,50.02104819694546,0.9981559781264274,319.0,1483
lake,90,29,12.0,50.712147844992934,0.9985223849297027,226.0,941
lake,90,30,12.0,50.07053555279405,0.9981773113628265,331.0,1079
lake,90,31,11.0,49.845090995582524,0.9981396841536243,396.0,1334
lake,90,32,10.0,50.184001261259795,0.9983229227349059,389.0,1470
lake,90,33,11.0,49.52539941067404,0.9980339817673831,370.0,1452
lake,90,34,11.0,49.39982856779227,0.9979728810223946,402.0,1478
lake,90,35,13.0,48.60774244583595,0.9973576275256361,351.0,1303
lake,90,36,14.0,49.08401194409443,0.9980326495525129,255.0,1010
lake,90,37,18.0,49.62380609797484,0.998618960547446,156.0,555
lake,90,38,16.0,49.530884572444585,0.9984754437482722,276.0,700
lake,90,39,13.0,49.09725796344154,0.9978434854018183,483.0,1156
lake,90,40,14.0,49.803934379128876,0.9984704145687887,263.0,856
lake,90,41,17.0,49.368917955392966,0.9983530327819872,226.0,657
lake,90,42,14.0,50.6956992628216,0.9986292534076311,321.0,705
lake,90,43,11.0,51.170293126191496,0.9985585545985174,472.0,983
lake,90,44,11.0,51.8176292213984,0.9988215577706455,329.0,846
lake,90,45,16.0,51.12823351263249,0.9986480077190532,162.0,493
lake,90,46,22.0,51.33686542358032,0.9990735285820026,139.0,254
lake,90,47,16.0,50.669581767131504,0.99887056976864,276.0,540
lake,90,48,17.0,49.5077340664094,0.9983448020545573,322.0,634
lake,90,49,19.0,50.36232680429997,0.9989143702396602,148.0,421
lake,90,50,20.0,51.89840853010881,0.9991954786615347,163.0,267
lake,90,51,21.0,51.63070805308109,0.9992106853005013,115.0,256
lake,90,52,21.0,50.02143223946408,0.998446324895667,225.0,376
lake,90,53,21.0,52.27152735496594,0.9992060465580416,140.0,222
lake,90,54,12.0,52.31047392128187,0.9989009620007351,469.0,637
lake,90,55,15.0,52.76640099606213,0.9990511844818111,244.0,378
lake,90,56,23.0,49.06233941886568,0.9978489606084,246.0,394
lake,90,57,24.0,49.75879956832874,0.997960880953575,212.0,307
lake,90,58,22.0,55.58461087365386,0.999734995710283,49.0,95
lake,90,59,20.0,50.607310546446875,0.99817070079406,201.0,362
lake,90,60,24.0,46.470923133366284,0.9942577079920099,438.0,657
lake,90,61,18.0,53.207451905831526,0.9993029959893462,100.0,243
lake,90,62,20.0,51.88163688637242,0.9988660047729363,199.0,270
lake,90,63,21.0,48.87015826568308,0.9966604053235455,310.0,491
lake,90,64,20.0,55.31756552073308,0.9996298785731104,105.0,122
peppers,90,2,2.0,54.834865460168174,0.9984795394170052,92.0,3862
peppers,90,3,2.0,54.870926093470054,0.9984959310182995,139.0,3836
peppers,90,4,3.0,53.40266839965515,0.9978868857622848,376.0,3505
peppers,90,5,2.0,55.67006509119484,0.998745692320303,176.0,3550
peppers,90,6,2.0,55.1616850921303,0.9985602145928705,201.0,3512
peppers,90,7,3.0,53.73113162086532,0.9979702085332749,332.0,3323
peppers,90,8,3.0,54.04593668831225,0.9981432118470274,410.0,3351
peppers,90,9,3.0,54.181994323364925,0.9982136736821139,395.0,3257
peppers,90,10,3.0,53.83542063683456,0.9980220404374422,353.0,3244
peppers,90,11,4.0,53.30772691547374,0.9978960813756231,305.0,2485
peppers,90,12,3.0,54.473240160595644,0.9982870824781072,464.0,3083
peppers,90,13,3.0,54.22518670556215,0.9982051205082664,402.0,3149
peppers,90,14,4.0,54.11031350630645,0.9982893616511596,306.0,2519
peppers,90,15,5.0,52.13452579168048,0.997211243357567,425.0,2598
peppers,90,16,8.0,51.914532463367244,0.9976061280004767,231.0,1442
peppers,90,17,5.0,53.136948607548305,0.9978277447329302,519.0,2315
peppers,90,18,5.0,53.13291078055126,0.9978390173539537,511.0,2336
peppers,90,19,4.0,54.328867910035484,0.9983396813108065,381.0,2347
peppers,90,20,4.0,54.05577891364098,0.9982393919860211,391.0,2318
peppers,90,21,5.0,53.14477274201407,0.9977923339688396,453.0,2282
peppers,90,22,10.0,52.593248542084325,0.9981779597393009,164.0,820
peppers,90,23,7.0,52.63198046339856,0.9978365588190253,443.0,1553
peppers,90,24,7.0,52.3115583615861,0.997655273830063,516.0,1639
peppers,90,25,6.0,53.56738564922351,0.9982477356129229,446.0,1595
peppers,90,26,8.0,52.37417549035855,0.9979407986706813,355.0,1246
peppers,90,27,12.0,52.12296245665882,0.9982698772340972,166.0,668
peppers,90,28,10.0,52.36362518093526,0.9980839920328751,323.0,863
peppers,90,29,12.0,53.841031478280435,0.9988587680518963,143.0,458
peppers,90,30,12.0,53.09705017823678,0.9985916428346147,234.0,537
peppers,90,31,11.0,52.40784361042895,0.9981925928473017,354.0,734
peppers,90,32,10.0,52.96491047903889,0.9983984306988811,346.0,776
peppers,90,33,11.0,52.24316411628305,0.9980501485917183,378.0,775
peppers,90,34,11.0,52.343387709180966,0.9981485000937278,404.0,754
peppers,90,35,13.0,52.67525725324372,0.9983991881535558,230.0,509
peppers,90,36,14.0,53.022524535794716,0.9987965885398058,186.0,408
peppers,90,37,18.0,55.041115584313474,0.9994520214358699,80.0,159
peppers,90,38,16.0,54.00550756567049,0.9990833211144828,142.0,251
peppers,90,39,13.0,53.044758527375194,0.9987205670210065,252.0,467
peppers,90,40,14.0,53.40272417389464,0.998770420593876,242.0,375
peppers,90,41,17.0,53.865656744251226,0.9990796294102644,153.0,233
peppers,90,42,14.0,54.08948870612166,0.9989483072684343,228.0,322
peppers,90,43,11.0,53.50526775112176,0.9985641395116592,377.0,570
peppers,90,44,11.0,53.594465220549864,0.9985608370996764,328.0,561
peppers,90,45,16.0,52.938116211882246,0.9986892370922718,157.0,323
peppers,90,46,22.0,56.2492728350551,0.9996134992001077,55.0,82
peppers,90,47,16.0,54.76950932535236,0.9993170964681356,131.0,211
peppers,90,48,17.0,54.47281198896767,0.9992410577320012,138.0,202
peppers,90,49,19.0,54.84348341830177,0.9993833363921661,93.0,150
peppers,90,50,20.0,57.34898149832843,0.9996933595966955,61.0,76
peppers,90,51,21.0,55.178945955520916,0.9994021759541073,116.0,113
peppers,90,52,21.0,57.17444562412756,0.999704728527191,69.0,73
peppers,90,53,21.0,53.15145278077943,0.998745530359192,128.0,181
peppers,90,54,12.0,54.06648821695879,0.9987827114682889,395.0,428
peppers,90,55,15.0,53.1445625139057,0.9985553639391523,244.0,344
peppers,90,56,23.0,54.9426063588978,0.9991588729651464,115.0,102
peppers,90,57,24.0,59.07976359683623,0.9997981892112409,48.0,36
peppers,90,58,22.0,57.06147873883346,0.9995962355970717,88.0,68
peppers,90,59,20.0,59.334005594664816,0.9998182176394838,65.0,49
peppers,90,60,24.0,52.43279865820724,0.9981468621015138,141.0,167
peppers,90,61,18.0,56.061534892103325,0.9993279725538642,129.0,127
peppers,90,62,20.0,51.159432177037345,0.9972766199021305,229.0,317
peppers,90,63,21.0,50.82647648310367,0.9972398873570821,258.0,314
peppers,90,64,20.0,49.70704988660999,0.996182263066528,338.0,444
splash,90,2,2.0,55.062477713981195,0.9981086509244035,143.0,3679
splash,90,3,2.0,55.13750150081823,0.9981346349541144,160.0,3591
splash,90,4,3.0,53.69077473188588,0.9973142502308289,309.0,3276
splash,90,5,2.0,56.062255089533004,0.9984534866314867,181.0,3200
splash,90,6,2.0,55.37383732592225,0.9981727475268193,180.0,3338
splash,90,7,3.0,54.02117102012963,0.9974506114651874,357.0,3103
splash,90,8,3.0,54.59203217845659,0.997769299893454,396.0,2959
splash,90,9,3.0,54.49642434102881,0.9977222389372034,389.0,3013
splash,90,10,3.0,54.109722750021916,0.9974337642099154,355.0,3046
splash,90,11,4.0,53.86454001891234,0.9973539729689727,252.0,2179
splash,90,12,3.0,54.761951928455105,0.9977841752880182,466.0,2878
splash,90,13,3.0,54.68319601125533,0.9977491467697382,424.0,2827
splash,90,14,4.0,55.06795746165737,0.9980012276901025,303.0,2011
splash,90,15,5.0,53.001878399523434,0.9969278623128704,400.0,2136
splash,90,16,8.0,53.832710300141045,0.9979984763359964,187.0,929
splash,90,17,5.0,54.367907904896086,0.9976493332460036,525.0,1761
splash,90,18,5.0,54.027284808328886,0.9974435505862951,533.0,1892
splash,90,19,4.0,55.141411777928305,0.9979766299067486,423.0,1948
splash,90,20,4.0,54.87992945248686,0.9978828423040038,439.0,1917
splash,90,21,5.0,54.13810402258249,0.9974936069096486,435.0,1817
splash,90,22,10.0,55.715425590445584,0.9986672845160628,115.0,403
splash,90,23,7.0,54.24606450157935,0.997618527796768,372.0,1070
splash,90,24,7.0,53.69596297287552,0.9973556947961809,425.0,1185
splash,90,25,6.0,54.95287534870981,0.9980283871789423,390.0,1159
splash,90,26,8.0,55.04705707591735,0.9982376110137532,218.0,674
splash,90,27,12.0,56.67309372858969,0.9990599722383623,78.0,235
splash,90,28,10.0,54.67847985321748,0.9985525276334184,232.0,508
splash,90,29,12.0,55.55832778911292,0.9991899186939074,121.0,308
splash,90,30,12.0,59.28553884896061,0.9995147950610659,82.0,130
splash,90,31,11.0,56.73355831442073,0.9990271826970697,171.0,271
splash,90,32,10.0,56.760301263393245,0.9989774155930263,213.0,325
splash,90,33,11.0,55.61411550518316,0.9986720640125596,236.0,357
splash,90,34,11.0,55.63579329187337,0.9986357097791647,248.0,354
splash,90,35,13.0,57.244798325962584,0.999059060369779,158.0,179
splash,90,36,14.0,57.90601067568721,0.9994477669859757,105.0,132
splash,90,37,18.0,64.03153735466893,0.9998392489935499,33.0,20
splash,90,38,16.0,61.04353464500673,0.999701898714307,51.0,49
splash,90,39,13.0,57.72227795060341,0.9992420650703673,152.0,159
splash,90,40,14.0,58.79206202728901,0.9995220596871472,63.0,108
splash,90,41,17.0,59.39120543133991,0.9996359585067885,58.0,65
splash,90,42,14.0,61.543250688874814,0.9997699154606359,42.0,58
splash,90,43,11.0,60.18554320753854,0.999542568058232,88.0,125
splash,90,44,11.0,60.958517682517495,0.9996291706796799,109.0,102
splash,90,45,16.0,63.40584867504261,0.9998696115670147,33.0,29
splash,90,46,22.0,67.00396908286545,0.9999619091563681,23.0,7
splash,90,47,16.0,63.34598326759209,0.99985741383558,37.0,29
splash,90,48,17.0,64.75516911234466,0.999907853640829,32.0,19
splash,90,49,19.0,63.54479393034751,0.9998393799118067,30.0,20
splash,90,50,20.0,71.3090519624649,0.9999778193257198,18.0,3
splash,90,51,21.0,70.87981047545028,0.9999728728744354,10.0,3
splash,90,52,21.0,71.14348987163807,0.9999881137652091,42.0,3
splash,90,53,21.0,68.74257252204428,0.9999827638814769,50.0,5
splash,90,54,12.0,64.3532354276778,0.99985836995721,53.0,40
splash,90,55,15.0,69.44939313464641,0.9999615320814907,29.0,8
splash,90,56,23.0,inf,1.0,18.0,0
splash,90,57,24.0,inf,1.0,18.0,0
splash,90,58,22.0,inf,1.0,18.0,0
splash,90,59,20.0,inf,1.0,18.0,0
splash,90,60,24.0,inf,1.0,18.0,0
splash,90,61,18.0,inf,1.0,18.0,0
splash,90,62,20.0,inf,1.0,18.0,0
splash,90,63,21.0,inf,1.0,18.0,0
splash,90,64,20.0,76.0323135276926,0.9999909556825625,27.0,1
